SITE_GUBUN,PART_GROUP_ID,PART_SUB_ID,PART_ID,KEYWORD_GUBUN,RLT_VALUE_01,RLT_VALUE_02,RLT_VALUE_03,RLT_VALUE_04,RLT_VALUE_05,RLT_VALUE_06,RLT_VALUE_07,RLT_VALUE_08,RLT_VALUE_09,RLT_VALUE_10
N,P04,S09,12249639438,0,재구매,메디힐,저렴,좋습니다,촉촉,71.67,41.6,39.18,32.94,31.31
N,P04,S09,12249639438,1,리뷰 많은 제품으로 샀는데 아직 써보진 못했네요,재구매가격도 좋고 한날과 하지않은날 피부가 다르게 느켜져요,재구매재구매입니다,저렴해서 자주 관리할수있어서 조씁니다,좋습니다,,,,,
N,P08,S35,23343004491,0,향이,향도,거품도,만족,좋습니다,27.92,18.83,9.59,7.9,7.3
N,P08,S35,23343004491,1,써보고 재구매 했어요,촉촉하고 향도 좋아요,한번쓰면 지속되는 시간이 너무길어요,가격대비 만족합니당,잘사용 하겠습니다,,,,,
N,P09,S18,22608574146,0,뿌리,분사,좋습니다,백탁,수시로,7.41,6.97,5.03,4.94,4.33
N,P09,S18,22608574146,1,2개 재 구매했어요,썬크림은 얼굴이 하얘져서 점빼고난 다음에 자극없이 바를 수 있는걸 찾다가 구매하게 되었습니다,간편하고 좋네요,분사할 때 너무 확 날아가버리지 않아서 좋아요,백프로 없어지지는 않지만 전반적으로 지워기긴 합니다,,,,,
N,P02,S25,15557524473,0,향도,재구매,촉촉,만족,좋습니다,9.02,6.82,6.8,6.64,6.04
N,P02,S25,15557524473,1,없고 촉촉하고 좋습니다,조금 뭐라고 할까 질퍽대는 걸 싫어하시는 분은 약간의 거부감이 들수있을듯 하네요,재구매합니다,여러개 바르는거 번거롭다 하셔서 올인원 찾고 있었는데 후기보고 선택했습니다,배송도 빠르고 냄새도 준수한거 같아요,,,,,
N,P06,S28,21950842352,0,발색,예뻐요,색상,팔레트,색이,12.82,10.96,10.57,10.34,9.14
N,P06,S28,21950842352,1,뉴컬러라 기대하고 주문했는데 화사하면서 은은한컬러고 색구성이 다이뻐요 발림성도 좋은것같아요,사진보다는 좀어두운컬러이긴하지만 데일리로 튀지않고 무난한것같아요,아직 써보지는 않았지만 보기만해도 색깔이 너무 예뻐요 에스쁘아 섀도우는 처음 사봤는데 사용감이 기대가 되네요,배송도 빠르고 상품도 마음에 듭니다 애프리콧미 사용 후 모브미도 예쁠거 같아 추가 주문했어요,부드럽게 잘 발리고 발색도 적당함지속력 좋음,,,,,
N,P09,S17,18751415945,0,편하고,발림성,좋습니다,부드럽게,끈적,8.58,8.37,6.38,5.92,5.56
N,P09,S17,18751415945,1,계속사묭하고 있습니다,얼굴에 점빼고 수시로 발라주기 위해 구입해서 쓰고 있는데사용감이 좋아요 번들거림,제가 원하던 것이예요 손을 안쓴다는게 좋구요,저렴하게 샀어요,믿고 습니다,,,,,
N,P05,S05,28679601556,0,가을,컬러,색상,그레이,에스쁘아,21.47,20.84,17.6,16.95,15.66
N,P05,S05,28679601556,1,색상예쁨,색이 예뻐서 산건데 발림성까지 좋네요,추석이라 배송도 많으셨을텐데 추석전에 잘 받았어요,색깔이 일단 너무 가을가을하고 여름쿨톤인 저도 바를수 있는 색이에요,배송도 빠르고 상퓸도 좋아요,,,,,
N,P07,S01,12413438381,0,비비,촉촉,커버력은,발림성,만족,6.7,6.46,5.02,3.54,2.95
N,P07,S01,12413438381,1,밝은 21호인데 제 피부에는 티가 하나도 안나네요커버력은 없다고 보는게 맞아요,유화이님 추천으로 구매하려고 고민하다가 안했었는데 이번에 이지아님메이크업 영상에서 보고 생각나서 구매했어요,촉촉한 면에서 단연 독보적친구들 7명 다 여기제품 매니아예전엔 번들거림이 싫어서 거부했는데 요샌 광이나야 어려보이더라구요,이거는 비비전에 톤업크림이나 메이크업베이스 단게에서 피부톤을 올려놓고 시작하면 그나마 비비가 자연스러운거 같습니다,다만 앞에서 메이크업비비단계전에 톤업크림및 메이크업베이스로 한단계 밝혀준뒤에 사용하면 시너지는 좋아지는 제품인것 같습니다,,,,,
N,P07,S01,12916344408,0,커버,피토레스코,촉촉하고,재구매,만족,6.39,5.7,5.57,5.18,5.12
N,P07,S01,12916344408,1,모두에게 추천하고 싶음,사은품으로 보내주신 것들은 여행갈 때 유용하답니다,다시 구매하고싶어요,써보니 촉촉하긴한데 확실히 커버력은 낮네요,다시 재구매했네요,,,,,
N,P07,S42,21040212617,0,저렴하게,에스티로더,커버력,만족,지속력,13.41,7.63,7.01,6.29,6.23
N,P07,S42,21040212617,1,배송빠르고 좋아요,피부가 하얀편이라 쉘 구매 했는데 섞어쓰니 색상이 찰떡으로 마음에 드네요 구성도 맘네 들고 파데 브러쉬 기대 안했는데 너무 좋아여,저걸로 발랐다니 얇게 발리네요 지속력도 엄청나네요,배송 빠르고 좋아요,항상 쓰던 제품입니다,,,,,
N,P07,S01,22235320858,0,비비,커버,자연스럽게,발림성,피몽쉐,7.44,5.6,5.26,4.47,4.19
N,P07,S01,22235320858,1,안경써도 코에 자국 안남고 모공부각 안되고 화장 안 한 것같은데 화사해집니다,요즘 운동하느라 잡티 커버정도만 하고 싶었는데 만족스럽습니당,내피부에맞게 맞추어주니 정말좋습니다,파운데이션이랑 섞어 쓰려고 샀어요 생각보다 어두워서 걱정이지만 발림성이 좋아 기대됩니다,오랜만에 주문해봤는데 역시 최고 모공이 넓고 지성인데 저는 수정화장 안하고이것만 발라도 시간 지나면 예쁘게 무너지면서 피부가 예뻐보여요 그런 맛에 피몽쉐 쓰는 것 같아요,,,,,
N,P10,S29,21646284131,0,저렴하게,있어요,가성비,가격,촉촉,9.76,6.83,6.37,6.05,5.91
N,P10,S29,21646284131,1,매번 쓰는 화장품이라 끊을수가 없어요,원래도 쓰시던거라 좋은 가격에 구매해드릴 수 있어서 만족합니다,향도 괜찮고 가격도 싸고 좋아요,엄마선물했어요,촉촉해요,,,,,
N,P05,S06,12061936096,0,버츠비,저렴하게,립밤,촉촉,향도,14.26,10.95,8.69,8.61,7.62
N,P05,S06,12061936096,1,만 유독 망고만 망고향이 전혀 안나고 변질된 것 같은 냄새가 나네요 다른분들은 향이 좋다는 분도 있는데 저만 그런걸까요 유통기한은 24년까지예요,촉촉하고 향긋한 냄새가 좋습니다,페퍼민트가 화하긴하네요,배송빠르고 저렴하게 샀어요,배송이 느리다고해서 걱정했는데하루만에 도착했어요,,,,,
N,P04,S43,80137720714,0,재구매,촉촉,시원,티트리,쿨링,74.43,62.45,61.06,54.49,49.6
N,P04,S43,80137720714,1,피브진정에좋슺니더 똑같은걸 두번쓰네요 두개사가지고 성분도괜찮른거갗고 폭촉해요,쓰던거애서 추가로 쿨링팩도 주문햇어요,집에선 처음해봤는데 어렵지 않고 진정효과가 있는 것 같아요,피부 온도도 낮춰주고 사용하는데 불편함도 없어요,요새 환절기라서 그런지 피부 뒤집히고 열오르는데 모델링팩 한번 해주면 많이 가라앉습니다,,,,,
N,P06,S27,12074691418,0,클리오,그리기,발색,눈썹,만족,6.96,5.84,5.73,5.23,5.02
N,P06,S27,12074691418,1,그렇게 잘 매끄럽게 그려지는줄은 색상도 애매해요 2호샀는데 붉은기 많이도는 브라운입니다,사선으로 되어 있어서 그리기 쉽고 발림성도 좋고 색상도 마음에 들어요,가격대비 좋아요,부드럽게 잘 그려져요,똥손도 잘 그릴수 있어요,,,,,
N,P09,S21,82935609396,0,커서,있어요,촉촉,만족,시원,9.66,6.81,6.25,5.86,5.78
N,P09,S21,82935609396,1,완전좋으네요,재구매좋아요,톡보정에 저는 지성이라 보송함도 좋아서 지인에게도 추천했습니다,크기는 너무 커서 좋네요,긴 설명이 필요 없습니다,,,,,
N,P07,S01,14980903915,0,커버,성분,가볍게,비비,만족,4.89,4.33,4.0,2.69,2.64
N,P07,S01,14980903915,1,무겁게 유분기 있는 제품이 아니어서 가볍게 발리고 마스크에도 잘 안묻을거 같아요,자연스럽게 얼굴 톤업되구 다크닝도없구 생활자외선 차단까지 성분도좋아 무겁지않고 안씻구 잠이들었는데도 트러블 안올라오더라구여다만 커버력은 약하니 강력한 커버력을 원하시는분들은 추천하지않고 자연스런 커버에 좋아요,할인중인건가요 매번 구매하는 제품인데 가격이 저렴해져서 기분 좋네요,일단 저는 매우 건성이고 피부톤은 하얀편이라 비비나 쿠션은 톤이 밝고 촉촉한 표현을 선호하는데 안좋은 성분이 많아서 이걸로 갈아 탔어요,아주좋아요,,,,,
N,P12,S03,5763649905,0,향도,미용실에서,향이,뿌리고,만족,14.25,8.99,8.04,5.68,5.44
N,P12,S03,5763649905,1,미용실에서 줘서 써봣는데 괜찮은것같아 주문햇어요,가격대비조음요,배송빠르고 좋아요,케이스가 바뀌었네뇨,미용실에서 써보구 구매한건데 역시나 좋으네요향도 자극적이지 않아요,,,,,
N,P06,S28,83485940089,0,웜톤,팔레트,색이,발색,레오제이,14.57,12.43,11.96,10.35,10.04
N,P06,S28,83485940089,1,웜톤이라고 늘 진한 붉은기만 쓸수 있는거 아니다너무 여리여리 이쁘고 저도 이제 청순 메컵 도전해보려구요,맑게 발색되어요,너무 좋아요,웜톤 취향저격입니다,23호 가을뮤트톤인데 저한테는 너무 티가 안나게 발려서 기존 팔레트랑 섞어야 할 것 같고 가루날림이 제가 써본 섀도우 중 제일 심합니다,,,,,
N,P07,S41,29503122619,0,팩트,블러,유분기,뽀송,마무리,11.03,5.56,4.06,4.05,3.96
N,P07,S41,29503122619,1,최고에요 화장 마무리도 이 팩트 톡톡 해주면 보송보송 맑은 피부 되서 넘 좋아요,일단 건조한 피부인데 뜨지않고 유분기 잘 잡아줘서 피부 넘 좋아보이고 팩트로 보송 하게 잡아주니까 마스크에 묻어남도 확실히 적어요,지성인으로써 파우더팩트 안써본건 아니지만 금방 기름이 나오기 때문에 무너짐이 더러워 포기했었는데요,기름도 잘 잡히는 편인데 마스크 오래 쓰고 있으면군데 군데 좀 뭉치기는 하네요,원래 매트한 마무리를 좋아해서 이글립스때부터 바비팩트까지 꾸준히 사용하던 제품이에요,,,,,
N,P09,S22,21436527732,0,저렴하게,촉촉하고,좋습니다,발림성,있어요,7.96,6.0,5.89,5.74,4.52
N,P09,S22,21436527732,1,잘 사용하고 있습니다,매번 쓰는제품이에요,아주만족합니다,좋은 가격에 잘 구매했습니다,아주좋아요,,,,,
N,P05,S04,20849819189,0,색상,발색,들어요,예뻐요,색이,8.3,6.06,6.02,5.56,4.69
N,P05,S04,20849819189,1,선물포장도 잘 해주셨고 샘플도 다 맘에 드는데 한가지 아쉬운 점이 화장품 온라인이던 오프라인이던 개봉후 환불 금지 라는 씰이 있는데 그게 없어서 살짝 찝찝해서 문의글 남겼다가 그래도 사용한 흔적은 딱히 없어서 그냥 사용하려고 지웟는데 그부분은 조금 아쉬웠습니다,색상 너무이뻐요 항상 현대몰에서 구매합니당빠른배송 감사해요,선물했는데 색깔이쁘고 좋다고 하네요,포장도 잘 되어서 도착했네요,톤다운 핑크이고 부드러운 느낌에 색상이 이뻐요,,,,,
N,P12,S03,27174937526,0,향도,머릿결이,미용실에서,감사합니다,만족합니다,5.43,4.66,4.58,4.56,4.52
N,P12,S03,27174937526,1,이것만씁니다,냄새도좋고 머리결도좋아져요,미용실 냄새나요,다른 질감이긴한데 그래도 겁내크고 언제 다쓸려나 하면서도 한편으론 맘이 편하네요,컨디셔너 좋네요,,,,,
N,P07,S01,22345882670,0,애터미,비비,만족합니다,커버,가격대비,4.76,3.78,2.73,2.46,2.12
N,P07,S01,22345882670,1,엄마가 매번 쓰는 거에요,커버도 잘 돼요,밝고 밀착력은 좋습니다,어머니가 주문해달라고해서 주문했는데 좋아하시네요,좋아요,,,,,
N,P12,S32,5765532401,0,향도,저렴하게,컬이,미용실에서,만족,8.52,8.51,8.03,6.39,6.22
N,P12,S32,5765532401,1,간단하게 출근전에 머리만지고 가기 좋습니다,쓰던 제품이라 재주문했습니다,가성비좋네요,컬이 잘 살아요,재구매입니다,,,,,
N,P05,S04,13683287065,0,입술,들어요,바르면,좋습니다,품질이,5.23,5.15,3.41,3.02,2.79
N,P05,S04,13683287065,1,항상쓰고있는상품이에요,재구매의사는 없음,좋아요,또 플러핑효과는 별로 화한느낌이 나는데 그리 불편할정도는 아니예요단독으로 바르기엔 색상이 연한편이예요배송빠르고 종이 포장으로 꼼꼼하게 보내주셨네요,너무 마음에 들어요,,,,,
N,P07,S42,23299509490,0,마스크에,커버,매트,만족,리필,15.49,12.07,7.78,7.46,7.26
N,P07,S42,23299509490,1,이제품이 출시하고 난 뒤 부턴 이것만 써요,재구매템이에요,쓰던거 라이브 할인해서 주문했어요,항상사용하는제품입니다,싸게 잘 산 것 같아요,,,,,
N,P10,S02,81505956270,0,촉촉,피부가,향도,향이,바르고,15.44,11.11,9.64,8.32,8.17
N,P10,S02,81505956270,1,아침에 일어나면 촉촉해요,촉촉합니다,피부타입에 따라 차이는 있겠지만 며칠 써본결과 만족합니다,촉촉함 부드럽고 흡수도 잘 되는듯 합니다,저는기미주근깨가많은편인데 인별에서 좋다는거보고 사봤습니다,,,,,
N,P07,S01,13829495628,0,가볍게,만족,저렴하게,바닐라코,톤업,5.85,5.73,5.66,5.05,4.31
N,P07,S01,13829495628,1,매번 쓰던 상품입니다,좋습니다,판매자님의 손글씨 편지와 소소한 사은품너무 감사하네요,계속쓰고 있어요,감사합니다,,,,,
N,P07,S01,13945551239,0,커버력,비비,섞어,만족,지속력,9.65,8.1,7.97,6.26,5.81
N,P07,S01,13945551239,1,만족합니다,아직 써보진 못했어요,늘 쓰는 제품이에요,맘에 듭니다 탁월한 선택입니다,미바랑 웨이크메이크랑 4대1 비율정도로 섞어서 쓰는데 커버력도 좋고 괜찮아서 다른거써보다가 두번째 구매합니다,,,,,
N,P06,S08,11153885467,0,저렴,만족,오래,가격,좋습니다,5.43,4.14,3.46,3.27,3.03
N,P06,S08,11153885467,1,만족합니다,배송이 빠르네요,아직 사용 하지 않았지만 구매평이 좋아 잘 산것 같습니다,좋아요,같이 준 앞머리고정하는 하트모양 헤어고정찍찍이 도 감사해요,,,,,
N,P07,S01,17294654530,0,커버,발림성,저렴하게,가격,좋습니다,8.91,8.36,6.59,6.09,5.83
N,P07,S01,17294654530,1,없이 주문했는데 용량이 넘작아요담에슨 더 큰걸로 사야겠어요,보통 비비 저렴해서 사봤어요,크림에센스부터시작해 기초까지 다샀어요,색상도 굳,만족합니다,,,,,
N,P06,S27,82286334232,0,눈썹,그리,지속력,색이,오래,26.12,15.58,14.17,13.92,12.21
N,P06,S27,82286334232,1,발색이 그리 오래가지는 않아요,좋은데 삼지창 모양이라 정교한 마무리 부분에 있어서는 조금 불편하긴 한데 나름 가성비좋게 구매해서 잘 쓰고 있어요,하지만 당일은 눈썹 신경안써도 되는 장점하지만 또 밤에 그려야만 다음날 효과있는그리는 시간이 아침화장에서 밤화장으로 바뀐 묘함,그래도 무난하게 쓰기 좋네용 사진은 3일정도 지난상태입니다,밤에 터치하고 아침에 세수하면 자연스럽게 연출되서 넘 맘에들어요,,,,,
N,P08,S35,28759260557,0,시원,좋습니다,만족,재구매,쿨링,14.81,10.79,7.29,5.83,3.16
N,P08,S35,28759260557,1,아주 시원하니 좋아요,처음 접한 청결제가 포블랑시 였는데 다시돌아오게되네요가격은있지만 그만큼 청량감과 성분도 좋고쓰고나면 깨끗하게 가꿀수 있어 더좋아요,시원하고 개운합니다,군대라 사진은 안되지만 후기 남기자면 아잉이만 혹한기 훈련받는 느낌에 냄새도 좋았어용,저번에 남자친구가 사용해보더니 좋다구 해서 이번에 선물해줬어요,,,,,
N,P07,S01,80097758981,0,재구매,커버,촉촉,만족,좋습니다,11.25,10.23,8.53,8.49,7.13
N,P07,S01,80097758981,1,잘받았습니다,음 처음 개봉 했을때 스티커 떼자나요거기 다 뭍어있어서 좀 그랬어요,재구매늘 쓰는 제품입니다,재구매감사합니다,워터풀이란 이름과는 다르게 굉장히 매트해요,,,,,
N,P07,S01,14942798064,0,레노덤,재구매,커버,촉촉,만족,15.65,6.19,5.58,5.4,5.32
N,P07,S01,14942798064,1,너무너무 좋기 들뜸도 없고 짱조아요,배송도 빠르고 퍼프도 더 챙겨주셔서 좋아요,배송 빠릅니다,무엇보다 트러블이 안남 그러나 물광 장난아니라서 싫으신분들은 양 조절 잘해야할듯용,쓰는 만큼 짜서 쓸수 있는게 위생적이여서 좋았고 뻑뻑하지않고 부드럽게 발려서 좋아요지복합성 피부라 유분기가 있는 저에게 끈적임이 느껴지지 않아 만족스럽네요,,,,,
N,P07,S01,23298052494,0,성분이,커버,비비,만족,발림성,12.11,7.08,6.78,5.55,4.43
N,P07,S01,23298052494,1,지속력이나 커버력은 약하지만 성분이착해서 부담이없고 트러블없고 눈시림없어서좋아요,디렉터파이님의 추천으로 사용해봤는데 발림성 좋고 이만하면 커버력도 좋아요,커버력 생각보다 좋아요,살짝 어두운 피부긴한데 너무 하얗게 뜨네요 와이프 줬습니다,커버력 색감 수분감 지속력 모두 좋아요,,,,,
N,P04,S43,23344384491,0,촉촉,있어요,당근,자극,재구매,21.32,11.33,8.52,7.45,7.24
N,P04,S43,23344384491,1,촉촉한듯합니다,촉촉하고 진정이 잘 되는 것 같아요,잘쓰고 있어요,두툼한 패드 최고에요,두툼하고 토너도 넉넉히 머금고 있어서 얼굴 다 닦아내고 목까지 닦아도 촉촉합니당 첨에 한장 꺼냈을 때 여러장이 붙어있는 줄 알았을 정도로 두꺼워요 반 갈라서 쓰면 찹토도 가능하니 최고예용 앞으로 이걸로 정착할 생각입니다,,,,,
N,P10,S23,23344384491,0,촉촉,있어요,자극,당근,트러블,10.28,6.91,4.27,4.06,3.64
N,P10,S23,23344384491,1,패드가 두껍고 에센스가 많아서 한번 사용할때 반으로 갈라서 사용하고 있습니다,볼따구에 올려놓으면 시원해져서 쿨링감도 좋고 넘 조아요 없으면 안돼요,피부를 촉촉하게 해주는 점에서는 좋은데 저랑 안 맞는지 트러블이 생겼어요,젤좋아요,붙인 자리는 확실히 보습이 되는데 스킨만 바르고 양볼에 붙이고 아무것도 올려지지 않은 다른 부위는 건조해지는데그부분만 크림 바르는 것도 애매하네요,,,,,
N,P06,S28,5701086779,0,진저,발색,색상,예뻐요,데일리로,15.26,10.1,8.68,6.83,6.21
N,P06,S28,5701086779,1,오래 품절이었던 것 같은데 구해서 좋네요,사진1 캐시미어 제품샷사진2 캐시미어 발색 한번 두번 세번 비교샷이렇게 물량이 들어올 줄 알았다면스틱섀도 캐시미어는 안살껄 그랬다는 생각이 드네요,발색이 좋긴하나 수정하기가 조금 힘듬이 있네요,결국은 프레스코만한 게 없어요,손재주 없을수록 좋은 거 써야된다는 말이 있는데 너무 동감합니다,,,,,
N,P05,S05,15622974484,0,색상,색이,예뻐요,저렴하게,컬러,13.57,10.72,7.48,6.74,6.25
N,P05,S05,15622974484,1,발색이 이쁘네요,너무 예뻐요 정말 사랑해요,재구매입니다,생각보다 넘 여리해서 잘 바르지는 않지만 색은 이뻐요,저번에 구매후 재구매입니다,,,,,
N,P07,S01,25991978522,0,커버,발림성,마스크에,부드럽게,있어요,13.06,10.98,7.31,5.81,4.83
N,P07,S01,25991978522,1,가격도 비싸 특별히 좋을 줄 알았는데 평범한 것 같아요,처음 쓰는 제품입니다,잘 발리고 순해요,화사합니다,전에 관리실에서 사서 썼는데 다시 쓰게되어 좋아요,,,,,
N,P07,S01,81054393345,0,만족합니다,자연스럽게,촉촉하고,좋습니다,감사합니다,2.98,2.7,2.38,2.02,1.68
N,P07,S01,81054393345,1,빠른배송감사합니다,너무만족해해요,가겨이 조금 있어서 아껴쓰고 있습니다,와이프가 아주 좋아했습니다,최고입니다,,,,,
N,P07,S01,80662250879,0,커버,슈라멕,만족,재구매,좋습니다,4.71,4.38,4.22,4.11,3.99
N,P07,S01,80662250879,1,별로 커버도 안되고 왜 좋은지 모르겟어요,얼굴이 다 뒤집어져서 찾아보다 구매하게됐는데 라이트도 제 얼굴보다 톤이 어두운것같아여 아쉽지만 피부엔 좋다고하니 써볼게오,같이온퍼프랑 쓰니 편해요,피부가 좀 편하다 하는 느낌이 있어요,빠른배송 좋구요,,,,,
N,P08,S47,27999933522,0,향이,향도,향은,지속력,블랑쉬,34.44,12.04,10.53,10.14,9.09
N,P08,S47,27999933522,1,감사합니다,향은좋아요,바이레도 향 생각하고 산건데 똑같은거 아닌가요 진짜 마음에 들어요,좋습니다,비누향 찾고 있는데 바이레도는 가격이 부담이라 이거 샀는데 지인들이 바이레도 샀냐고 하네요,,,,,
N,P10,S29,82896338429,0,재구매,있어요,촉촉,발림성,가성비,12.78,11.9,11.48,8.96,7.79
N,P10,S29,82896338429,1,보라색 버전으로 자주 사용했는데 이 제품이 더 촉촉한거 같아요,바르면 촉촉한것 같아요,가성비짱 아이크림이라 재구매했습니다,가격도 저렴 샘플두 주시고 고맙습니다,가격도 저렴하고,,,,,
N,P06,S26,82389471883,0,클리오,재구매,저렴하게,부드럽게,지속력,9.56,7.65,7.21,6.62,6.53
N,P06,S26,82389471883,1,좋아요,너무 좋아요,그래서 이번처럼 저렴하게 구매하려고 하는데 가격 너무 착해요감사합니다,잘 안번지고 부드러워요,잘 말려주지 않으면 금방 번져서 조심해야할 것 같아요,,,,,
N,P12,S40,26731935522,0,머릿결,향도,재구매,향이,만족,11.16,8.39,7.59,6.9,6.38
N,P12,S40,26731935522,1,최고입니다,좋은거같긴한데 아직은 잘모르겠어요,튜브형이라더편하네요,배송 빠르고 좋아요,배송도 빠르고 좋아요,,,,,
N,P12,S32,28027353524,0,효과,향도,탈모,거품,세정력,12.77,11.56,11.32,9.27,6.88
N,P12,S32,28027353524,1,남자친구 머리가 풍성해지길 바라며 선물해봅니다,처음 사용하는 제품이라 걱정했던것보다 느낌은 좋습니다,효과가 있길 바래요단발인데 두번 펌핑으로도 거품이 잘 안나서 좀 부족하네요,제품 두통다 3분의1이 흘러서 배송되고 펌프도 안됩니다,모발 빠짐이 확실히 줄었어요,,,,,
N,P07,S14,83510045182,0,만족합니다,광이,커버,생각보다,톤업,2.66,2.6,2.56,2.35,1.76
N,P07,S14,83510045182,1,빠른 배송 감사합니다,바르는 순간 얼굴에서 광이 퍼져요,아직 잘모르겠어요,향기도 괜찮고 광택도 나는듯해요,배송은 칼이에요,,,,,
N,P07,S01,12562330415,0,만족,커버,비비,좋습니다,저렴하게,6.21,4.45,4.04,3.6,3.47
N,P07,S01,12562330415,1,빠른배송 감사합니다,10년전쯤에 처음사용했을때 과하지않으면서 자연스러워서 만족했던 제품이였어요,피부트러블이 있다보니 써봤는데 커버력은 조금 떨어지지만 성분이 순하고 좋아서 쭈욱 쓰고있어요,추천,챙겨주신 샘플도 감사해요,,,,,
N,P07,S15,5614392577,0,발색,색상,예뻐요,색이,웜톤,17.11,12.16,10.46,7.42,6.87
N,P07,S15,5614392577,1,여자친구 선물인데 이름때매 직원들한테 놀림당햇네요,기존에 사용하던 스어필보다 진해서 약간 부담스럽긴하지만조절해서 바르면 괜찮을듯,색상 정말 마음에 들어요,진심 충격가루날림도 심해서 살짝만 터치하고 볼에도 진짜 살짝만 터치 해야 쨍한듯 핑크핑크 예쁘게 발색되요근데 그 조절이 안 쉽네요,봄웜인데 정말 잘어울리는 살구빛이고 파우더리한 질감 때문에 더 보송하고 상큼해보이는 컬러예요,,,,,
N,P09,S21,26840532526,0,커서,시원,백탁,좋습니다,촉촉,14.06,11.98,8.45,8.16,7.91
N,P09,S21,26840532526,1,마스크 자국만 안타고 눈 이마만 타서 급하게 주문했는데 효과가 좋았으면 합니다,기존 쓰던 제품 다써서 방송하길래 주문 두번 사용했는데 아직 잘모르겠네요,주소 잘못 해서 전집으로 가서 일주일만에 받았습니다,엄마랑 한세트씩 나눠서 써요 배송도 빠르고 바르면 시원한감이 있어서 좋네요,온 가족이 나눠쓰고도 남을 만큼 넉넉한 양에 백탁현상이 없어 좋아요,,,,,
N,P10,S31,26731419526,0,촉촉,인셀덤,저렴하게,있어요,만족,11.04,10.75,10.16,7.7,6.79
N,P10,S31,26731419526,1,정품이 확실하깅 바래요,아이들이 볼부분이 예민에서 사용했는데좁쌀처럼트러블있던게 많이진정됐어요,쓰던거라 얼마남지 않아 착한가격으로 재주문했어요,너무촉촉해요,나무 촉촉하고 좋아요 가성비좋음,,,,,
N,P10,S31,22590590664,0,저렴하게,윤조,만족,촉촉,좋습니다,9.93,8.23,7.56,7.35,5.33
N,P10,S31,22590590664,1,예전부터 쓰던건데 촉촉하니 발림성 좋고 좋습니다,15미리 샘플 먼저 쓰고있어요,어머니 선물드렸는데 너무 좋아하시네요,항상 쓰는거라서 안바르면 이상해요,누구나 좋아하는 윤조에센스죠,,,,,
N,P04,S09,26026238524,0,저렴하게,진정,트러블,메디힐,감사합니다,7.4,4.44,4.15,3.84,3.67
N,P04,S09,26026238524,1,박스채로 잘 보내주셨어요,사용하니깐 확실히 피부 진정에 도움이 됩니다,얼굴에 뾰루지가 자꾸 올라와서 급하게 필요했는데빨리 보내주셔서 감사해용시트도 너무 얇지도 두껍지도 않고앰플양도 너무 넘치치않고 적당해요,가볍고 산뜻한 팩입니다,가격대비좋아요,,,,,
N,P11,S38,21285684073,0,클렌징,오일,순하고,재구매,촉촉,10.74,9.14,8.78,5.1,4.85
N,P11,S38,21285684073,1,좋습니다,만족합니다,3번째 구매에용 세트한번 사면 3개월정도 쓰구요,대만족입니다,아직 이틀밖에 안써봐서 잘 모르겟어요,,,,,
N,P07,S01,7469286149,0,비비,저렴하게,커버력,만족,발림성,7.77,7.19,5.79,5.74,4.67
N,P07,S01,7469286149,1,잘 받았습니다,발림성 좋고 무난해요,유통기한 아주 넉넉해요,항상 쓰던 비비,만족합니다,,,,,
N,P02,S25,10933825800,0,저렴하게,향도,아빠,만족,좋습니다,11.29,9.71,7.45,7.06,6.89
N,P02,S25,10933825800,1,선물포장해서 잘 받았습니다,항상 사용하는 제품인데 이번에는 이곳이 가격이 제일 저렴해서 구매했네요,두개가 일반상자에 담겨왔네요,잘받았습니다,배석 만족 문 것 만족,,,,,
N,P07,S01,11053484957,0,섞어,파데랑,파운데이션이랑,발림성,에르보리앙,12.49,8.37,5.28,4.1,3.34
N,P07,S01,11053484957,1,화장도 잘 안무노지교 파운데이션이랑 섞어쓰면 커버력도 높지고 촉촉해서 자주 발르고있어요,샘플도 챙겨주셔서 감사해요,네이밍 파데랑 섞어쓰려고 샀어요 개별로는 안 발라봤는데 섞어쓰는 것으로는 만족해요,커버가 막 뛰어나다 정도까진 않은데 부드럽고 적당히 톤 보정 되서 좋아요,잘쓰겠습니다,,,,,
N,P08,S35,27964937522,0,때가,저렴하게,각질,있어요,만족,7.47,5.6,4.64,3.28,3.27
N,P08,S35,27964937522,1,감사합니다,용량도 좋고 배송상태도 좋고,아주만족합니다,요즘 코로나시국에 더운여름에 때밀릴때 딱입니다,항상 쓰는 제품 저렴하게 구매했어요,,,,,
N,P08,S47,8442841073,0,향이,향도,만족,향수,샤넬,15.47,6.68,5.08,5.05,3.67
N,P08,S47,8442841073,1,샤넬 이 향수를 동일한걸 3년째 쓸 정도로 넘 맘에 들어요,강력추천합니다,원래 아버지가 쓰던 향이에요,배송도 의외로 빨랐고 좋았어요,정말 저렴하게 잘샀습니다,,,,,
N,P11,S37,19533607707,0,순하고,지워,자극,눈에,일리윤,12.11,10.0,9.59,7.52,6.9
N,P11,S37,19533607707,1,자극이 없고 정말 잘 지워집니다 꾸준히 쓸꺼 같아요,자극없이 잘지워집니다,세정력도 좋고 저자극이여서 사용하기 너무 편해요,예전에작은용량을썼었는데 잘지워졌던기억이있어서 구매했어요립앤리무버는 매일사용하는필수템이라 대용량을선호합니다,배송도 빠르고 용량도 많아요,,,,,
N,P07,S41,25535032523,0,노세범,저렴하게,이니스프리,기름,있어요,17.94,8.84,7.31,6.57,6.44
N,P07,S41,25535032523,1,믿고씁니당 중딩때부터 잘쓰고 있어요,쓰던거 싸게 사서 좋아요,노세범만 사용해요,좋습니다,세일하면또살게요,,,,,
N,P02,S25,10156653112,0,좋습니다,만족,저렴하게,가격,랩시리즈,10.16,8.36,6.9,4.61,4.45
N,P02,S25,10156653112,1,만족스럽습니다,남편이 좀 예민한 피부인데 이 제품 잘 맞아서 항상 이것만 쓰고 있어요,남편이 잘 쓰구 있어요,그런데 가격보다는 특별한 기능은 없는거 같아요,저렴하게 구입해서 너무좋아요,,,,,
N,P10,S23,25185597522,0,촉촉,커서,자극,트러블,크고,11.65,11.3,6.6,6.52,6.52
N,P10,S23,25185597522,1,시원하고 에센스 양이 많아서 좋아요,자극없고 매우 좋아요,아직서용전입니다,원래 쓰던 제품이라 촉촉하고 좋았어요,패드가 커서 너무 좋아요,,,,,
N,P04,S43,25185597522,0,커서,촉촉하고,모르겠,자극,재구매,3.2,2.97,1.67,1.45,1.42
N,P04,S43,25185597522,1,에센스양 엄철 많고 패드가 엄청 커서 좋아요,만족해요,잘받았습니다,유튜브 보고 써보고 재구매 해봤어요,순하고 너무 좋아요,,,,,
N,P12,S16,83440663737,0,효과가,염색,거품,부모님,흰머리가,3.8,2.63,2.33,2.04,1.98
N,P12,S16,83440663737,1,홈쇼핑 유투브보고 주문했어요,가격대비 통크기에 비해 용량이 원래작은지 너무 가벼워서 좀 속은느낌가격대비 넘비싼듯하네요꾸준하게사용하다보면 효과있었으면 좋겠네요,흰머리가 사라지길,남편이 염색을 자주해서머리 감을수록 색이 진해진다고지인이 추천해서 사용해보려고구매했어요,후기가 좋아서 믿고 구매하여 사용해 보려합니다,,,,,
N,P10,S02,10829344089,0,순하고,촉촉,있어요,좋습니다,만족,9.86,9.23,7.99,6.01,5.56
N,P10,S02,10829344089,1,늘 쓰는 제품 좋아요,좋아요,이제품을 꾸준히 쓰고 있어요,자극없고 촉촉해서 이 제품만 사용해요,아토베리어로션을 잠깐 끊고 트러블이 창궐하여 다시 샀습니다,,,,,
N,P09,S17,22356331129,0,바르기,끈적,좋습니다,편하고,편해요,8.36,7.52,6.69,6.56,5.02
N,P09,S17,22356331129,1,남편운동용으로 요것만 사주라고하네요,선스틱 사용하기 편리해서 좋아요,배송은 빠르게 가격은 착하게 잘 받았습니다,사용하기 편하고 발림성이 좋아요,저렴한 가격에 구입했습니다,,,,,
N,P07,S33,6818231211,0,커버,잡티,바닐라,좋습니다,색상,16.23,7.15,6.76,6.44,6.28
N,P07,S33,6818231211,1,상품 품질이 좋습니다,굿굿 우 우나우으 추쿠타어어유추투뉴루낭 핼 차카을 카 아느누느아우 크쿠트아루추크루르키어줌 가나나라마바사 아저가알 우우무우어워우엉,너무 좋다고 하니 샀는데 루나 쓰다가 나스 더 좋으면 이걸로 정착하려구요,촉촉하기도 하고 발림성 굳,매번 잘 쓰고 있어요,,,,,
N,P07,S01,11147510381,0,비비,커버력,저렴하게,만족,좋습니다,8.93,8.74,6.81,6.1,5.48
N,P07,S01,11147510381,1,잘쓰고 있어요,좋습니다,이만한 비비가 없는거같아요,다른거 써보다가 결국은 닥터자르트 실버비비로돌아온다는 좋은가격 유지해주세요,너무 마음에 들어요,,,,,
N,P07,S01,12125849956,0,저렴하게,좋습니다,만족,발림성,커버,8.51,7.08,5.74,5.11,4.84
N,P07,S01,12125849956,1,촉촉하고 부드럽게 잘 발려요생각보다 지속력이나 커버력은 약하네요,기존에쓰던건데 커버력은 밝은색이라 떨어지네요,헤라는 사랑입니다,발림성 짱,상품은 참 괜찮습니다,,,,,
N,P05,S04,21635877115,0,예뻐요,색이,색상,입술이,색도,12.67,10.94,10.38,9.27,8.2
N,P05,S04,21635877115,1,자연스럽게 고급스러워 좋아하는 글로스라 구입했어요,발색도 좋고 다 좋은데 향 맛 이 좀 이상해요,인생립이에요,배송너무빨라 맘에쏙들고사은품챙겨주셔서 감사해요,아직 조금 밖에 못써봐서 아쉽쓰,,,,,
N,P04,S43,15558155637,0,향이,촉촉,유자,피부가,바르고,14.85,14.54,14.53,13.69,13.32
N,P04,S43,15558155637,1,다음날 피부가 촉촉합니다,한율 달 유자 수면팩 구성이 참 좋아요 달자 무드등 너무 귀엽고 마스크도 잘 사용했으며 미니 유자팩까지 있어서 정말 잘 구매 한것 같아요,가격도 저렴하고 좋아요,유자향이 상큼하고 당김없이 촉촉하게 유지됩니다,너무 맛있는 향기가 납니다 뜨거운 물에 타서 한잔 마시고 싶은 향이 촉촉하고 좋아요,,,,,
N,P07,S01,13934108320,0,커버,발림성,비비,생각보다,만족,6.06,3.72,3.65,3.31,2.94
N,P07,S01,13934108320,1,에스티로더 더블웨어 파운데이션과 섞어서 사용하려고 구매했습니다,뷰티모리에서 처음구매했어요향도 좋고 발림성도 좋은데살짝 어두워요,처음써보는 제품이라서 걱정이 많았는데 포장도 잘해줘서 좋았어요,비싼 비비만 쓰다가요 별차이를 못느껴 왕창 주문했어요,제가 사용 하는게 아니라서 잘 모르지만 엄마께서 쓰시는 중 이신데요엄마 피부톤이 21호와 23호 사이신데 평소 21호를 사용하셔서 이번에도 21호를 구매 하였습니다,,,,,
N,P07,S15,12804762939,0,발색,예뻐요,색상,색이,만족,14.14,12.41,8.33,8.3,5.15
N,P07,S15,12804762939,1,색깔이 조금 아수웠음 생각했던 색깔이 아니라 역시 얼굴에 해보니 약간 틀리게 나왔으나 그래도 이왕산거 오래쓸예정임,만족하며 쓰고 있어요,만족합니다,굿굿 좋아요,색깔이 이쁘네요,,,,,
N,P10,S44,21729341148,0,오일,촉촉,건조,피부가,있어요,18.3,11.33,10.48,9.73,7.07
N,P10,S44,21729341148,1,배송도 빠르고 포장상태도 좋네요향도 무난하고 흡수력도 무난해요,전에 쏘내추럴꺼 쓰다가 다른데꺼 써봤는데 그냥 기름이 걷도는 느낌이었거든요,잘쓰고있어요,겨울에쓰기에 딱좋은 제품이에요,촉촉하고 향도좋고,,,,,
N,P12,S16,24226199523,0,효과,탈모,거품,재구매,좋습니다,11.86,7.14,4.39,4.18,3.8
N,P12,S16,24226199523,1,기대는 많이 되네요탈모샴푸 종착지가 되었음 하는 바램입니다,남편이 최근 머리카락이 많이 빠진다해서 구매하게 됐습니다,엄청난 효과는 없겠지만 그래도 써보고 후기 남길께요가격에 비해 크기가 넘 작네요,가격너무 비싸서써보고 재구매는 생각해볼듯,한달후 리뷰 올리겠습니다,,,,,
N,P04,S43,82246410475,0,섞어서,효과,재구매,곡물팩,촉촉,20.1,16.41,14.92,14.45,14.18
N,P04,S43,82246410475,1,기분탓인지 몇번 쓰지도 않았는데 얼굴이 환해지고 촉촉해 진것 같아요,사은품 감사합니다,좋아요,아직사용전인데 보습위해서 구입했어요,근데 여러군데 타회사 오트밀 검색해보니 색깔이 약간 누른색이던데 여긴 새하얀색이네요,,,,,
N,P10,S34,17266331886,0,피부가,마사지,참존,각질,촉촉,16.41,10.44,9.77,8.85,5.94
N,P10,S34,17266331886,1,메르비랑 같이 써보려고 샀는데 조금만 덜 기름지면 좋을 것 같아요,컨트럴크림으로 마사지하고 화장 지우면 일석이조입니다,같은 제품을 매장에서 직접 사다가 사용했었는데각질이 잘나오고 마사지 한번하고 나면 피부가 좋아졌는데이 제품은 1주일 간격으로 2번째 사용했는데각질도 안나오고 피부에 트러블이 장난아니에요,매일 마시지 후 아침까지 촉촉 아기 피부 같아요,좋아요,,,,,
N,P08,S13,19840862751,0,향도,저렴,편하고,가격,큐티클,9.9,6.61,6.39,6.38,5.81
N,P08,S13,19840862751,1,다음에도 구매할께요,저도 쓰고 친구들도 하나씩 주려고 여러개 구매했어요,향도 종류별로 다양해서 좋아하십니당,저렴하게 너무 잘샀어요,휴대용으로 들고다니면서 바르려고 산건데 편하게 잘 사용하고 있습니다,,,,,
N,P06,S08,21722654843,0,클리오,깔끔하게,지속력,저렴하게,컬링,8.53,6.2,5.59,5.51,5.25
N,P06,S08,21722654843,1,오래지속도 되고 만족,너무 만족해요,컬링도 잘되고,일반 클린저로 안지워 지네요 번짐없어요,보통이네요,,,,,
N,P10,S34,20138646188,0,톤업,자연스럽게,바르고,촉촉,발림성,20.75,14.32,8.05,6.82,6.08
N,P10,S34,20138646188,1,없이 잘 발림마스크쓸때 메이컵으로는 은은하고 톤보정 괜찮아요,마스크쓰는 요즘 톤업만 잘 되도 깔끔해보이더라구요,지인성물하려고 두개 샀는데 한개는 상품이 구겨져서왔어요,여러가지 톤업크림 써봤지만나인위시스 크림이 제일 괜찮은듯요자연스럽게 톤업되고 촉촉해서 좋아여,손등에만 발라봤는데 탁하지 않고 자연스럽게 하얘져요,,,,,
N,P07,S01,15005179773,0,커버,만족합니다,비비,저렴하게,닥터자르트,3.4,3.15,3.03,2.97,2.8
N,P07,S01,15005179773,1,다른거 썼을때는 하얗게 밀려서 당황스럽더라구요,엄마가 이것만 바르신다고해서 주문했어요,저렴하게 구매할 수 있어 좋았어요,아기보느라 화장할 시간도없습니다나갈때 요 비비크림 하나 바르면피부도 깨끗해보이고 자외선차단도 되서잘바르고있어요,좋네요,,,,,
N,P08,S47,9189323907,0,향이,포장도,향수,향은,향도,27.79,10.52,10.46,9.48,8.58
N,P08,S47,9189323907,1,비누향같은,네이버에는 하도 가품이 많다고 해서 백화점에서 샀네요,가격은 좀 있지만 양이 넉넉해서 맘에 들어요,잔향도 너무 좋고 선물받은 사람도 마음에 들어합니다,선물하려는데 생각해보니 포장때문에 상품이 맞게 왔는지는 확인을 못해보네요,,,,,
N,P10,S34,17266377889,0,피부가,마사지,참존,각질,엄마가,10.08,9.02,7.95,7.16,6.37
N,P10,S34,17266377889,1,최고의가성비 스테디셀러텀 이건 더이상의 설명이필요없는거아닌가요사은품이들어있어 집에 사용하던제품이 남아있음에도 쟁겨놓기위해 질렀습니다,아직 한번밖에 사용안해봤지만한번으로는 잘 모르겠어요,피지관리에 딱입니다,자극적인 각질제거제보다훨 좋아요 하고 나면 피부가 맑아져요,홈 마사지하려삿어요효과있으면좋겠어요,,,,,
N,P07,S01,17565951268,0,인셀덤,감사합니다,비비,만족합니다,발림성도,5.79,4.7,3.96,2.81,2.65
N,P07,S01,17565951268,1,좋아요,답답하지 않는 느낌 바른 후 광채가 나는 등 좋은데 이것만 바르기엔 커버력이 약합니다,제가 50대 후반인데 비비중 최고예요,촉촉하게 발리고 한번도 안써본 사람은 있어도 한번쓴사람은 없을거에요,비비쓰면 너무 하얗게 되는 피부인데 이건 싹 스며들어 피부색 같아요,,,,,
N,P07,S45,22919804426,0,광이,물광,자연스럽게,만족,들어요,5.78,5.71,5.2,4.02,3.93
N,P07,S45,22919804426,1,상품 품질이 좋습니다,피부 촉촉해보이고 좋아요,여러모로 만족하며 잘쓰고잇어요,펄 실짝 들어있는데 절대 과하지 않아서 잘 구매한 거 같아요,티가 안나서 지속력은 잘 모르겠고 직접 바르는건 비추예요 파운데이션 위에 그대로 바르면 지워질수 있어요,,,,,
N,P05,S06,8861351935,0,촉촉,색상,발색,색이,좋습니다,17.19,9.18,8.96,7.97,5.72
N,P05,S06,8861351935,1,잊어버려 같은상품 재구매 합니다,촉촉한게 립밤같면서 발색은 립밤보다 진한 립스틱에 가깝고 만족해요,가격은 조금 착하지 않지만 립세럼은 이거만 몇년째 쓰고 있어요,선물포장 추가하니 확실히 예쁘긴하네요,고맙습니다,,,,,
N,P07,S01,82169463002,0,커버,비비,저렴하게,좋습니다,만족,8.36,7.17,6.59,6.43,5.72
N,P07,S01,82169463002,1,피부 극민감성인데 얼굴에 암것도 안나고 좋아요,실버랑 블랙 번갈아가면서 사용중이예요개인적으로는 실버가 발림성도 그렇고 커버도 조금 더 나은것 같네요,항상 쓰던 비비크림인데 저렴한 가격에 구입했어요,잘 쓰겠습니다,그 전에 바르던 비비보다 윤기가 없어보이고 건조해보여요 쓰던것 쓸걸 후회가 되네요,,,,,
N,P07,S01,10153586214,0,비비,커버,트러블,순하고,순해서,4.7,4.38,4.36,3.25,3.13
N,P07,S01,10153586214,1,순하고 자극없어요,재구매 할 거예요,피부과에서 추천해주셔서 쓰고있습니다,같은 제품 쓰던게 일년정도 되니 건조해져서 새걸로 교체했어요,로션이랑 크림을 쓰고 있어서 비비크림 주문했는데 커버력은 약하지만 끈적이지 않고 좋네요,,,,,
N,P08,S47,19868385189,0,향이,향수,딥디크,잔향이,향은,24.44,13.44,8.85,7.94,6.43
N,P08,S47,19868385189,1,냄새 너무좋고 75ml라 오래오래 두고 쓸 것 같아요,딥디크향수여러향 구입해서 사용해보니 그중 도손이 젤 괜찮은듯하고 자주 손이 가는향이라 재구매했어요,봄 여름 가을 겨울 다 잘 어울리는 상큼하고 싱그러우며 은은한 장미향이 납니다주변 사람들이 향수 뭐 쓰는지 많이 물어봐요그만큼 좋아하는 사람들이 많아요,향은 아직이지만 여러 후기들 보니까 정품 맞겠죠,지속력이 이렇게 짧을 수가 향은 나쁘지 않은데 분사구도 뻑뻑하고 여러모로 아쉽네요,,,,,
N,P07,S45,12114773816,0,쉐딩,저렴하게,자연스럽게,만족,좋습니다,11.67,8.68,4.91,4.75,4.65
N,P07,S45,12114773816,1,명성그대로입니다,배송 빨라요 이쁘게 잘 할께요,예쁘게 잘 쓰겠습니다,좋습니다,붉은기 별로없어서 연하게나 진하게 둘다 사용하기에 쉬워요,,,,,
N,P10,S02,9273983533,0,피지오겔,좋습니다,촉촉,저렴하게,있어요,11.88,8.15,7.32,6.9,5.96
N,P10,S02,9273983533,1,가격도 저렴하게 잘 샀어요 배송이 조금 느렸네요,샘플도 보내주시고 감사합니다,그래도 저렴하게 사용하시는 제품중에서는 가성비가 좋은 편이에요,역시 피지오겔,잘사용하고있습니다,,,,,
N,P10,S31,29298730618,0,촉촉하고,흡수,효과,좋습니다,바르고,7.28,4.35,3.71,3.58,3.29
N,P10,S31,29298730618,1,크림은 향이쫌쎈느낌인데 세럼은거의향이없는듯하네요,아직 사용전인데 후기 좋아서 구매했어요,꾸준히 쓰면 더 촉촉해지겠죠,후기가 좋아서 구매해봤어요,아직안써봤어요,,,,,
N,P09,S21,27422235528,0,커서,끈적,좋습니다,있어요,편하고,7.64,7.62,6.17,6.12,5.63
N,P09,S21,27422235528,1,마스크 때문에 살짝 지워질때 금방 또 팡팡 바르면 되니까 엄청 편해요,얼굴에바르니흡수력이뛰어나고 광택이반짝반짝끈적임이없어마음에쏙욱들어요,바르는순간 시원하네요 썬크림은 답답하고쿠션으로되어있어서 편리해요,왕쿠션이라 몇번 두드리지 않아도 얼굴전체에 펴발라지고 톤업도 되어서 화사해지고 지속력도 좋아요,끈적임이없어서 좋구요,,,,,
N,P11,S38,22214792443,0,모공,효과,있어요,재구매,만족,14.31,8.49,7.32,6.16,5.56
N,P11,S38,22214792443,1,배송빠르고 효과좋아요,한달사용좋아요,꾸준히 잘쓰고 피부가 매끈해지길,실제로 그렇게 닫아 두면 나중에 세안 후 젖은 손으로는 절대 뚜껑을 열 수 없습니다,아직 이틀차라 모공효과는 아직 이지만 한통 다 써보고 괜찮으면 재구매하려고요,,,,,
N,P12,S03,12851880718,0,저렴하게,향도,머릿결이,만족,가격,9.78,9.2,7.62,5.97,5.87
N,P12,S03,12851880718,1,싸게구매했어요,항상 쓰던거라 만족해요,매일 쓰는겁니다,항상 쓰는 제품입니다,미장센은 이름부터 인정해주는 컨디셔너 잖아요,,,,,
N,P09,S17,27436013522,0,끈적,편하고,바르기,저렴,좋습니다,3.11,2.87,2.79,2.31,2.21
N,P09,S17,27436013522,1,발림성도 굿 무난무난,잘쓰겠습니다,햇빛이 강한 해외에 나갈 일이 생겨서 몇개 구매했어요,상품 이상없이 빠른 배송해주셔서 감사드리고요써보고 좋으면 또 주문하러 오겠습니다,잘 쓰겠습니다,,,,,
N,P05,S07,15317992363,0,지속력,발색,색상,오래,색이,12.32,8.36,7.73,7.28,6.91
N,P05,S07,15317992363,1,생각보다 진한색이고 발색이너무이쁘네요,이쁘네요,잘 쓰고 있어요,주로 핑크계열의 립스틱만썼었는데 포렌코즈 제품은 피치코랄 요쪽이 저랑 잘어울리더라구요,데일리로 쓰기 좋고 지속력이 좋다고 하네요,,,,,
N,P12,S40,28574288557,0,머릿결,재구매,있어요,향도,효과,12.35,8.4,7.46,6.76,6.04
N,P12,S40,28574288557,1,톤업 염색만 2번한 머리여서 탈색모정도는 아니지만 손상이 있는 머리인데 헤어팩 한번 해주면 머리칼이 묵직하니 엉킴없이 펴지네요,부드러움은 덜하지만 단백질채워지는 효과는 확실히 있는듯해요,사은품으로 받은 적이 있어서 써보고 너무 좋아서 주문했어요,지인 추천으로 샘플 써보고 구매했어요,우연히 알게되었는데 만족합니다,,,,,
N,P08,S35,8439983476,0,재구매,좋습니다,시원,만족,가격이,7.44,7.27,6.09,5.98,5.97
N,P08,S35,8439983476,1,좋아요,향도 은은하고 거품도 풍성하니 좋아요,분비물없어진것도 포블랑시덕분인것같아요,비싸서 애껴쓰게 되네용,이거없으면 세척못해요,,,,,
N,P04,S09,20191252834,0,피부가,효과,재구매,써보고,각질,14.25,3.71,3.71,3.12,3.07
N,P04,S09,20191252834,1,배송도 빠르고 상품도 좋습니다,아직 안써봐서 이제 써보고 괜찮음,배송 빨랐어요,배송받는날 밤에 바로 해봤어요,시간을 12분 다양하게 해봤는데 1분이 진리네요 1분하면 자극 적으면서 필링 잘 되는 것 같아요,,,,,
N,P11,S38,21429651189,0,비누,향도,향이,저렴하게,좋습니다,14.57,11.9,9.29,7.57,5.89
N,P11,S38,21429651189,1,화장실에 은은하게 계속 향이 퍼져있네요,머릿결이 많이 좋아졌네요,화이트랑 핑크만 쓰다가 이번에 시어버터는 첫구매 해봤어요,몇년째 도브만 쓰고 있는데 가격이 많이 올라서 아쉽네요 핑크는 향이 싫어져서 화이트만 쓰고있어요,손을 자주 씻어서 촉촉한 비누 찾다가 구매했어요,,,,,
N,P05,S07,12804527157,0,색상,예뻐요,색이,들어요,발색,11.64,9.32,8.88,8.84,6.71
N,P05,S07,12804527157,1,mlbb 같은 연하고 자연스러운 입술색입더 말린장미 같기도 해요,컬러 넘예뻐요,잘받았습니다,쓰리씨이 항상 애용하는데 밸벳 느낌의 틴트는 처음 사용해봤는데 화장 진하게 할때 정말 이쁘게 어울리는거같아요,이뻐요 색감도 이쁘고 발림성도 좋고 마무리감도 좋아요,,,,,
N,P07,S01,9317693217,0,반트,촉촉,커버,가볍게,자연스럽게,5.16,5.09,4.37,3.97,2.88
N,P07,S01,9317693217,1,매번 깨끗한 용기 버리는게 아까워 리필까지 구매했습니다,제품은 매번 사용하던 제품으로 제겐 매우 만족스러운 제품이구요,최근에 한 5가지 제품을 돌고돌아 다시 반트로 돌아왔네요,추천해서 써봤는데 괜찮아요,근데 웬걸 써보니 생각보다 묻어나지도 않고 얇고 가볍게 발리는게 딱 제가 찾던 거네요 커버력 원하시는 분들에겐 부족할 것 같지만 뭐 요즘같이 마스크 쓸 땐 그냥 피부에 자극없이 가볍게 올리는 게 최고인 것 같아요,,,,,
N,P10,S29,25486379522,0,촉촉,있어요,가성비,저렴,가격,7.84,7.6,7.05,6.27,6.2
N,P10,S29,25486379522,1,너무 좋아요,촉촉해요,얼굴 전체 바르고 있습니다,항상 쓰는 제품 듬뿍 펴바르면 요거 하나로 끝납니다,무난하게 항상 쓰는 제품입니다,,,,,
N,P09,S21,82413640414,0,재구매,커서,만족,있어요,촉촉,12.9,10.41,8.71,8.47,8.23
N,P09,S21,82413640414,1,미니 쿠션은 첨인데 어디든 가지고 다니기 좋은 사이즈에요,재구매잘 사용하고 있어요,여름이면 늘쓰는제품이에요,넘 번들거리지 않고 괜찮은데 케이스가 뚜껑 닫히는 부분이 깨져서 와 닫히질 않네요,너무 지나치게 하얗습니다,,,,,
N,P07,S01,7539269153,0,저렴하게,만족,커버,좋습니다,발림성,4.7,3.72,3.43,3.23,2.72
N,P07,S01,7539269153,1,제품은 좋은데 배송이 많이 느려요,기존에 자정에센스 BB 사용하다가 더이상 나오지않아 이번에 바꿔봤는데 괜찮네요,비비만 쓰다가 씨씨가 있었네요,원래 사용하던 상품인데 백화점에서 구매하다 코로나땜에 한번 주문해봤어요,좋은상품을 좋은가격에 구입하였습니다,,,,,
N,P07,S01,9618386993,0,커버,촉촉,만족,지속력,건성,10.56,10.13,3.82,3.5,3.43
N,P07,S01,9618386993,1,늘 재구매 하고있어요,건조해서 전에 많이 알아보고 구입했었는데 촉촉해요,좋아요,평소 21호가 딱맞는 피부 타입인데피부톤엔 완전 찰떡이에여첨 발랐을때 발림성도 좋고커버력도 나쁜편은 아니지만아주 좋은 편은 아닙니다 대신 가볍게 발리는 특성이 있구요,밀착감도 좋아요,,,,,
N,P09,S17,14266774954,0,끈적,바르기,좋습니다,편하고,발림성,7.95,7.58,6.89,6.62,5.12
N,P09,S17,14266774954,1,유분기없는 얼굴이 촉촉해지네요,서핑할때 얼굴은 물론 손등 발등 목 귀까지 다 바르는데 좋아요,백탁현상 없어서 더없이 좋고늘 이것만 사용합니다,젤 좋아하는 선크림이예요 스틱으로 되어있어서 손에 묻히지 않아도 바를수 있고 엄청 촉촉하고 부드러워서 정말 좋아요,자외선 차단이 잘 되는지는 잘모르겠지만 사용이 편해서 좋아요,,,,,
N,P07,S01,15005079779,0,만족합니다,촉촉하고,커버,닥터자르트,비비,3.61,2.56,2.51,2.32,2.06
N,P07,S01,15005079779,1,추운날 건조한날 아주 딱이에요,실버라인 샀었는데 수분감있고 밝아보여서 좋네요,처음에 성분이 분리되었는지 물인지 오일인지가 먼저 나와서 당황했네요,잘받았습니다,엄청나게 잘 커버해주지는 못하네요,,,,,
N,P07,S01,14760725899,0,한스킨,비비,커버,만족,좋습니다,12.53,10.52,8.48,5.52,5.01
N,P07,S01,14760725899,1,잘받았습니다,촉촉하고 쫀득쫀득해서 제품의 질감은 좋은 것 같은데 아무래도 색이 제 피부에 어두워거 별 2개 뺐어요,잘 흡수되고 좋습니다,건성인 제 피부에는 조금 건조해서 물먹인 스펀지와 함께 사용했을때가 가장 베스트였습니다,사은품으로 주신것들만 아직 쓰고 있고 본품은 뜯지도 않았네요,,,,,
N,P11,S37,9210541788,0,눈이,재구매,눈에,다래끼,있어요,35.55,25.67,17.81,14.83,12.86
N,P11,S37,9210541788,1,건조한 눈에는 생활필수품,세정효과 넘좋아요,다래끼 좀 나지 말라고 닦아주고 있어요,아침기상후 눈꺼풀세정을 하면 상쾌하게 하루를 시작합니다,배송이 늦게 와서 좀 그랬어요,,,,,
N,P12,S32,17501982616,0,머릿결,향도,재구매,있어요,아니지만,9.05,8.3,7.76,6.7,6.64
N,P12,S32,17501982616,1,아들이 다쓰면 또사야한다고 합니다,린스와 별차이없음,리뷰평이좋아서구매합니다,잘 사용하고 있어요,좋아요,,,,,
N,P07,S33,22222194684,0,커버,더샘,저렴하게,가성비,만족,17.61,8.1,6.53,5.99,5.71
N,P07,S33,22222194684,1,컨실러 최고제품이예요추천합니다,재구매했어요,지속력은 오늘 한번 마스크 쓰고 일하고 볼께요,잘 받았습니다,저렴하게 잘샀어요,,,,,
N,P07,S01,26963088523,0,배송도,촉촉하고,만족합니다,감사합니다,가격도,2.69,1.97,1.91,1.76,1.61
N,P07,S01,26963088523,1,부드럽게 발리고 촉촉하고 커버도 잘됩니다,괜찮네요,아무래도 촉촉하다보니 지속력이 엄청 좋은건 아니지만 발림성이나 커버력은 만족합니다,좋아요,매 번 주문해서 쓰고 있어요,,,,,
N,P07,S01,12548732544,0,한스킨,비비,커버,좋습니다,만족,7.92,5.94,4.83,3.46,2.7
N,P07,S01,12548732544,1,샘플까지 최고네요,항상 쓰는 제품이라 망설임,색이 조금만 더 밝았으면 좋겠어요,한스킨 좋아요,리뉴얼되기전 제품이발색이 좋았어요,,,,,
N,P07,S01,22848336428,0,홍조,붉은기,자연스럽게,커버,생각보다,6.51,5.35,5.2,4.1,3.54
N,P07,S01,22848336428,1,트러블올라올때 바르려고 구매한거라 효과는 잘 모르겠고 그냥 자연스러워요,부드럽게 발라지면서 붉은기를 잡아줍니다 느낌이 너무 좋아서 체험용 다 사용하면 큰사이즈로 하나 사려구요,유튜버 다영님 보고 산 제품인데 화장은 안하지만 칙칙한 부분을 자연스럽게 커버하고 싶은 분들께 아주 좋은 제품 같아요,아주 소량사용하지 않으면 뜨는거같아요,용량도 생각보다 많고 우선 발림성이 넘 좋아서 잘 펴발라지고 부드러워요 피부가 15호 정도 밝기라 색상도 걱정이였는데 삭제 피부에 펴지면 티가 안나네요,,,,,
N,P10,S31,24462314522,0,효과,주름,목주름,촉촉,실처럼,14.93,7.93,7.16,7.02,5.75
N,P10,S31,24462314522,1,쓴지 몇일안됐어요,배송은 빨랐구요,효과 있는 것 같아요,이제 슬슬 관리가 필요하지 않을까싶어서 샀고 실처럼 늘어나는게 바르면 이상할까싶었는데 바르니 촉촉합니다,냄새는 비추 효과는 그닥 없어요,,,,,
N,P07,S41,11038095471,0,좋습니다,만족,여름에,저렴하게,입자가,6.77,5.95,5.04,4.93,4.79
N,P07,S41,11038095471,1,그런데 상은품으로 받은 립스틱이 더 좋아요,도중에 다른 파우더도 구매 해보고 했지만 역시 메포 파우더만큼은 아닙니다이번엔 파우더로 구매 하려다가 프레스드가 덜 건조 하다고 하여 결국 또 프레스드타입으로 구매 했어요,그 알갱이가 볼에퍼프에서 가루내서 바르네요,밀착력 좋고 입자가 고와서 선크림이랑 프라이머 바르고 바로 파우더 올리는데 피부결 진짜 곱게 보여요 만족해요,진짜 요 아이처럼 기름기 잘잡는 팩트는 없는거 같아요,,,,,
N,P07,S01,21558501685,0,셀퓨전씨,배송도,있어요,저렴하게,좋습니다,2.34,2.19,2.16,1.96,1.69
N,P07,S01,21558501685,1,피부염때문에 아무 브랜드나 못쓰는데 셀퓨전씨는 순해요,가볍고 얇게 밀착됩니다,좋아요,잘받았습니다,그냥 내 피부같은색피부 하야신 분들은 좀 어둡다 느낄수도 있어요,,,,,
N,P10,S02,10153242787,0,순하고,좋습니다,촉촉,트러블,자극,9.66,6.82,6.15,5.53,5.46
N,P10,S02,10153242787,1,순한 피부 보습제입니다,수분 부족 지성피부인데 제 피부에 정말 잘 맞아요 기름기도 줄어들고 트러블이 많이 가라앉았아요,만족합니다,순하고좋습니다,좋아요,,,,,
N,P07,S01,14981325825,0,커버력,저렴하게,만족합니다,비비,좋습니다,3.83,3.48,3.25,2.71,2.02
N,P07,S01,14981325825,1,좋습니다,조금어두워서 엄마드렸어요,늘쓰던거라 좋네요,비비크림 다 떨어저서 고민했었는데 빠른배송 좋았어요,항상 써오던거에요,,,,,
N,P12,S16,26196392527,0,향이,향도,거품도,오래,만족,31.92,23.57,21.57,8.92,8.88
N,P12,S16,26196392527,1,향기도 좋고 머리를 감고나서 머릿결도 부드러워지고 세정력도 좋은 것 같아요,거품도 잘나고 부들부들하니 좋아요향이 오래가서 기분이좋네요,거품도 완젼 풍성제가 좋아하는 베이비 파우더 향이라 너무 좋아요,정말 깨끗이 잘 씻기고 향도 풍부하고 거품도 많아서 좋습니다,향기 지속력도 오래가서 향수 사용한 것처럼 은은하고 기분이 좋아집니다 좋은 샴푸입니다,,,,,
N,P07,S01,82026088598,0,만족합니다,감사합니다,좋습니다,저렴하게,엄마가,4.6,3.85,3.71,3.33,2.72
N,P07,S01,82026088598,1,얼굴에 발림성이 좋고 화사해서 만족합니다,잘받았습니다,출시부터 지금까지 꾸준히 쓰는 제품이라제품은 평가할게 없네요저렴한 가격 좋습니다,좋아요,자연스러운 화장이 조아요에,,,,,
N,P06,S26,21988076790,0,지속력,번지지,좋습니다,오래,그리,8.89,7.54,6.89,5.07,4.86
N,P06,S26,21988076790,1,블랙만 썼느데 염색해서 이색으로 사보써요10년정도 쓴 제품입니다,항상 쓰던건데 백화점까지 가기 귀찮고 인터넷이 싸서 구매했어요,오랜만에 화장하려고 화장품들을 검색하는중 맥 색조화장품이 좋은거 같아서 이것저것 구매하면서 라이너도 처음 사봤는데 워터프루프라 번지지도 색깔도 갈색이라 자연스럽고 예쁘네요,지울때 고생스럽지만 그정도로 안지워지고 번지지 않는다는다는거라 좋습니다,눈에 살이 많아서 잘 번지는 눈인데 어쩌다 알게되서 구매했어요,,,,,
N,P07,S01,12374645451,0,감사합니다,저렴하게,가볍게,촉촉하고,발림성,4.94,4.81,3.78,3.62,2.49
N,P07,S01,12374645451,1,나쁘지않아요,항상 사용하는 제품입니다,매트하지 않고 괜찮습니다,배송은 3일걸렸는데요즘 택배가 많다보니 그럴수있다고 생각해요,택배도 빠르고 샘플도 많이 주셔서 감사합니다,,,,,
N,P07,S01,27177500527,0,발림성,자연스럽게,커버,비비,만족,8.11,7.55,7.54,6.28,5.72
N,P07,S01,27177500527,1,처음써봤어요,발림성도 좋고 자극적이지 않아서 좋아요파데보다 마스크에 덜 묻어나는 편이에요,친구가 추천해서 구입했는데 만족합니다,슈라멕은 두말하믄 잔소리죠 피부가 민감성에 잡티도 많아서 일반비비는 못써요 간지러움도 올라와서 그런데 슈라멕을 알고부터는 정착했습니다,자주 구입하도록 하겠습니다,,,,,
N,P10,S31,29300383619,0,촉촉하고,잘받았어요,향도,가격,건조,4.01,1.85,1.44,1.42,1.11
N,P10,S31,29300383619,1,이틀만에 내용물이 들어있는 용기부분이 뚜껑에 달라붙어 분리되었어요,광택이 나서 보는 사람들 이 피부가 좋아졌다고 하네요,끈적이고 번들거림,촉촉하고 향도 좋아요,성분이 뭔지는 잘 모르겠지만끈적임때문에 머리카락이자꾸 들러 붙어서 불편하네요,,,,,
N,P09,S18,28081890524,0,뿌리,분사,가격,저렴,스프레이,7.68,7.36,6.94,6.87,6.74
N,P09,S18,28081890524,1,딸이미스트가 초 미세해서 안바른것 같다고 하네요,일단 냄새가 부담스럽지 않구요,효과가 있는지는 잘 꾸준히 뿌려봅니다,한개는 스프레이 버튼불량,가성비 좋아요,,,,,
N,P10,S34,22566448318,0,촉촉,효과,주름,있어요,만족,16.78,7.84,7.74,7.54,7.49
N,P10,S34,22566448318,1,다른데보다 저렴하고 좋습니다,하도 TV에 연예인들 사용하는게 많이 나와서 울 마나님 결혼 기념일 선물로 샀네요,만족했으면 좋겠네요,끈적이지않고 윤이나고 촉촉해요,가히 유명하다해서 사봤어요,,,,,
N,P07,S01,8465805356,0,감사합니다,만족합니다,뉴스킨,있어요,저렴하게,9.8,3.59,3.06,2.58,2.35
N,P07,S01,8465805356,1,항상 쓰던 것입니다,색이 부자연스러워요 얼굴에 가부키 한것처럼 허옇게 뜨네요,좋아요,계속 덧발라도 마찬가지고 마스크에 묻어나지 않는다고 해서 구입했는데 타제품과 비슷하게 묻네요,저렴하게 잘삿네요,,,,,
N,P07,S42,26539564522,0,커버,만족,밀착력,좋습니다,지속력,15.64,11.14,7.68,6.49,6.42
N,P07,S42,26539564522,1,그래도 들뜨거나 하는건없고 피부표현은 자연스럽게잘되는거같아요,잘쓰고 있어요,계속사용중입니다,좋아요,원래 21n 쓰다가 21c 써보고 싶어서 리필용 주문했어요,,,,,
N,P07,S45,82212495037,0,쉐딩,발색,저렴,좋습니다,만족,30.36,13.26,12.81,11.86,11.18
N,P07,S45,82212495037,1,좋아요,붓도 생각보다 좋으네요,처음 써보는 쉐딩인데 도구도 세트로 있어서 편하게 쓸수 있어 좋았습니다,이 제품 항상 쓰는데 요번에 리미티드 에디션으로 가북파우치랑 붓까지 받으니 좋네요 휴대용으로 들고다닐때 딱 좋겠어요,자연스러운발색 좋아요,,,,,
N,P05,S07,22334086515,0,색이,색상,예뻐요,발색,가을,14.8,14.72,11.89,7.84,7.77
N,P05,S07,22334086515,1,예뻐요,컬러도 너무 이쁘고 실제로 보니까 더 고급스러워 보이네요 사은품도 잘 받았습니다,쓰던 제품이었는데 재구매했습니다,요즘 저렴한거 잘 나오지만 사은품 구성이랑 패키지 생각하면 합리적이라고 생각합니다,예쁩니다,,,,,
N,P11,S37,6168162950,0,지워,저렴하게,가성비,자극,가격,8.12,7.75,7.2,6.5,5.13
N,P11,S37,6168162950,1,맨날 이던만 써요,만족합니다,괜찮아서 쓰고 있는 정착템임,리무버는 이게 짱이에요,자극도 없고 깔끔하게 지워져서 아주 만족했습니다,,,,,
N,P07,S15,23389838493,0,발색,예뻐요,색이,색상,생각보다,9.96,8.71,6.49,5.82,4.12
N,P07,S15,23389838493,1,만족합니다,좋아해서 모으고 있는데 페리페라 신상 예쁘게 잘 나왔네요,너무 밝지도 않고 맑게 올라와서 너무 만족스럽습니다,그렇다고 발색력이 약하다는 건 아니고 오히려 발색력이 좋아서 조절이 조금 필요한 것 같아요,섀도우도 펄이 큰데 날리지 않고 고정되어서 유지도 잘 되는 편입니다,,,,,
N,P04,S09,80584455438,0,재구매,피부가,촉촉,있어요,효과,14.83,7.41,4.64,3.55,3.02
N,P04,S09,80584455438,1,재구매 어제 또 시켜서 낼 또 받아요,잘받았어요,재구매피부톤 정리는 물론미백효과가 바로 나타나 늘사용하는 팩 입니다,내용물 넉넉히 들어있어 좋구 다음날 바로 얼굴톤이 화사해진걸 느껴요,화이트닝 피부 트러블에 이거보다 좋은건 없는거 같아요,,,,,
N,P06,S26,28886879586,0,부드럽게,발림성,좋습니다,얇아서,잘그려지고,8.71,2.95,2.63,2.27,2.09
N,P06,S26,28886879586,1,지속력을 잘모르겠음,안번진다고 해서 구매했는데 생각보다도 엄청 번지네요 유분잘잡고 해야할 것 같습니다,단지 아쉬운 점은 뚜껑을 열었는데 심이 다 빠져 나온 상태여서 그 점이 조금 아쉬웠습니다,부드럽게 잘 발리는 아이라이너 필요해서 구매했어요,좋아요,,,,,
N,P11,S38,20349060734,0,클렌징,자극,촉촉,지워,세정력,30.59,11.89,11.38,10.69,8.0
N,P11,S38,20349060734,1,해외거주하면서도 이만한게 없어 꼭 한국서삽니다,가격대비 가성비 너무 좋고 순해서 좋아요,부드럽게 발립니다 세정력도 좋아요,순하면서 세정력도 좋고 데일리로 써도 부담없어요,롤링하며 마사지도 되고 클렌징도 깨끗하게 되네요 만족합니다,,,,,
N,P11,S37,6633584197,0,지워,자극,순하고,눈에,폰즈,9.98,7.77,7.21,6.41,6.31
N,P11,S37,6633584197,1,늘 잘쓰던 제품 눈에 들어가도 자극없고 뿌얘지지않으면서화장은 잘 지워내서 좋아요,일부러 눈을 뜨고 눈동자를 문지르지 않는 이상은 다른리무버보다 자극이 없어서 좋습니다,눈이 예민한편인데이건 눈 안따갑고 잘 지워져요,눈이 안따가우면서도 잘 지워줘요,눈화장 정말 잘 지워져요,,,,,
N,P06,S28,28400996558,0,색상,데일리로,쿨톤,발색,가루,5.16,4.95,2.88,2.67,2.52
N,P06,S28,28400996558,1,제 피부가 쿨톤이라해서 샀는데 좋네요,발색력 잘쓸게요,아직 사용전이라색조합두 너무 좋고케이스가 단단하니 좋으네요한달사용후 다시 올릴께요,부드럽게 발리는만큼 다소 빨리 날라가는 느낌은 있어요,재유 유튜버님 추천으로 구매했는데진짜 너무너무 만족스러워요다만 배송이 좀 그렇네요,,,,,
N,P07,S41,12425200509,0,가성비,재구매,팩트,이글립스,모공,6.92,6.22,5.98,5.8,4.9
N,P07,S41,12425200509,1,후기가 좋아서 구매했는데 발림성도 좋고 사이즈도 아담해서 가볍게 들고다니기 좋아요,까만통 쓰다가 이걸로 바꿔봤어요,배송이 아주 빠르게 왔어요,저렴하고 신속하게 받아보아서 너무좋아요,역시 맘에들어요,,,,,
N,P06,S08,12967068349,0,속눈썹,효과,눈에,눈이,눈썹이,28.16,14.56,11.49,8.77,7.15
N,P06,S08,12967068349,1,눈에 자극도 없고 잘 쓰고있어요,속눈썹 펌 하고 바로 사서 썼어요,잘 써보겠습니다,근데 이거 바르기 시작하구선 아래쪽 속눈썹이 눈에 띄게 길어지고 숱이 생겼어요,오일 가득하게 무겁지 않아서 틈틈이 발라주기 좋아요,,,,,
N,P07,S15,7498416579,0,예뻐요,발색,치크팝,색상,누드팝,14.33,13.99,9.8,9.68,7.86
N,P07,S15,7498416579,1,겨울딥 걸친 여름뮤트인데 뜨지 않고 딱 좋네요,이뻐요 아직 얼굴엔 안발라봤긴한데 빨리 써보고싶네요,종이포장 꼼꼼히 잘해서 왔구요,안깨지고 잘 왔어요,배송빨라서 좋고색상 예뻐서 좋고잘 사용 할게요,,,,,
N,P09,S21,83110743914,0,있어요,촉촉,만족,편하고,시원,3.74,3.55,3.53,3.52,3.12
N,P09,S21,83110743914,1,매우 만족 합니다,양이별로없어요,쓰기편하고 수정하기 좋아요,벌써 몇번째 쓰네요,꼼꼼하게 배송되어 도착했습니다,,,,,
N,P07,S01,13766859092,0,비비,커버력,오르자드,만족,좋습니다,10.23,7.35,6.04,6.0,5.1
N,P07,S01,13766859092,1,너무 잘쓰고 있어요,지인추천으로 샀어요,이건 제가 비비정착해서 오래쓰고있답니다 바르면 쫀득쫀득하고 커버도 좋아서 안쓸수가없다는,몇년동안 해쉬만 사용하는데 만족하고 있어요,감사합니다,,,,,
N,P09,S18,14472194968,0,저렴,가격,감사합니다,뿌리,싸게,4.78,4.75,3.98,3.33,2.66
N,P09,S18,14472194968,1,편하고,좋아요 가아합니다,손 아플정도로 꽉 눌러야 조금 나오네요 불량인지,정말좋습니다,다만 공기가 좀 뿌옇게 되서 창문열어놓고 써야해요,,,,,
N,P07,S33,28825539587,0,커버,애교살,펜슬,부드럽게,잡티,13.79,8.83,5.03,4.75,4.37
N,P07,S33,28825539587,1,컬러듈다 요긴하게쓸듯해요,아진짜 이거 너무좋아요,뷰티 유투버가 보고 따라산건데그냥 기본인거 같아요,메이크업하려고 산건데 생각보다 너무 밝아서 점막은 잘 못하고 그냥 컨실러 대용으로 사용하고 있어요,아 얼굴에 그림 그리는 기분이에요,,,,,
N,P07,S01,12374722542,0,촉촉하고,커버,성분이,있어요,만족,3.71,2.71,2.65,2.55,2.03
N,P07,S01,12374722542,1,좀 건조해요,와우 어제 저녁에 시켰는데 오늘 도착했어요,촉촉하니커버력도뛰어나네요,선물 받으신분이 너무 만족해했어요,좋아요,,,,,
N,P12,S40,20021113743,0,저렴하게,모로칸,향도,만족,가격,11.48,7.96,7.26,6.95,6.91
N,P12,S40,20021113743,1,펌핑기가 처음에 안되서 불량인줄알았는데 미친듯이 연속으로 몇십초 누르니까 나와요잘쓰겠습니다,머리 한번 탈색했더니 개털이되서 모로칸오일 쓰고있는데 머릿결진짜 좋아져서 재구매했어요,펌과 염색으로 상한 머릿결을 윤기나게 만들어주는 것 같아서 좋아하며 늘 사용하는 제품입니다,200m시켰는데 100m가 4개왔네요,가격이 비싸서 그렇지 모르칸오일 만한게 없는거 같습니다,,,,,
N,P07,S42,22680573785,0,엄마가,좋습니다,커버,만족,저렴하게,10.46,4.83,4.34,4.3,3.82
N,P07,S42,22680573785,1,빠른배송감사합니다,좋습니다,좋아요,구성 푸짐해서 좋아요,감사합니당,,,,,
N,P05,S07,23075090491,0,색상,색이,틴트,발색,예뻐요,11.86,8.99,7.87,7.85,7.59
N,P05,S07,23075090491,1,장미빛 핑크라 너무좋고 립에서 알코올 향 나서 립 바르고 마스크 쓰거나 숨 쉬면 조금 머리아픈 것 빼고는 괜찮아요,이뻐요 선물용으로 아주좋았어요,너무 좋아여 오래가는게젤루좋고 색상도 저랑어울리네여,엄마가 맘에 많이 드셨나봐요 아껴쓰시네요,여리여리 컬러를 찾고 있었는데 베이비컬러 너무 예쁘네요,,,,,
N,P05,S06,25402701522,0,저렴하게,촉촉,립밤,향도,입술,12.01,11.11,10.17,9.17,6.84
N,P05,S06,25402701522,1,한번만 발라도 오랫동안 지속되서 너무 맘에듭니다,늘 쓰는 제품이에요,재구매예정,항상 집안 여러군데에 두고두고 사용하는 중입니다,잘쓰겠습니다,,,,,
N,P10,S44,8740412605,0,트러블,여드름,티트리,효과,뾰루지,17.98,12.68,12.08,11.24,9.51
N,P10,S44,8740412605,1,점보사이즈에 좋아요,심하게 올라온 애들은 톡톡해주고 자면 좀 가라앉아요,하지만 가장 싼 가격으로 샀습니다,아주 좋아요,싸게 구매했어요,,,,,
N,P05,S06,21635899953,0,촉촉,색도,색상,입술,색이,7.68,6.21,6.13,5.58,5.41
N,P05,S06,21635899953,1,상품 빠르고 안전하게 왔어요,립스틱 두개 샀는데 사은품이 어마무시 하네요택배받고 기분 엄청 좋았습니다,다른 립밤에 비해 색이 진하게 나는 편이라 립스틱처럼 각질 일어날까 걱정했는데립밤처럼 부드럽게 발리고 각질이 안 일어나서 만족합니다,색도 자연스럽게 예쁘고 아주 맘에들어요,강력추천해요,,,,,
N,P06,S26,10427916373,0,부드럽게,클리오,펜슬,만족,저렴하게,9.23,8.39,6.71,5.64,4.85
N,P06,S26,10427916373,1,안번지는거 찾다가 사게됐는데 저는 바르는 기술이 부족한지 눈아래에 묻어나네요색이 어떨지몰라,노제 한거보고 샀는데 저한텐 잘 안그려지네요,좋아요,안번지고 발색력이 좋아서 잘 쓰고 있습니다,좋어요,,,,,
N,P06,S26,22509241668,0,저렴하게,좋습니다,만족,지속력,브라운,7.57,5.39,4.75,3.76,3.34
N,P06,S26,22509241668,1,번지지 않고 지속력 오래가고 여태 사용한것중 최고예요,늘 쓰던 라이너입니다,브라운컬러 만족,진하고 잘 안지워 져서 좋아요,잘지워지는 거 빼면 좋아요,,,,,
N,P07,S01,11113595568,0,비비,알렉스,좋습니다,만족,커버,5.17,4.33,4.22,3.91,3.54
N,P07,S01,11113595568,1,제가 다크한 피부인데 바르니까 보라빛이 나네요,알렉스 비비 엄마가 항상 사용하셔서 샀어요,항상쓰는 제품입니다,작은용량이지만 오래이용하네요,순하고 너무 좋아요,,,,,
N,P07,S01,15005024613,0,커버,닥터자르트,비비,만족,좋습니다,5.98,4.88,4.69,4.41,3.93
N,P07,S01,15005024613,1,저렴하게 잘샀어요 번창하세요,저는 화장을 고치기 어렵다는 점 빼곤 만족합니다,발림성도 좋고 커버력도 좋아요,근데 재구매때 늘 사용하던 어두운 톤의 비비가 더이상 안보여서 어쩔수 없이 비슷한 톤의 제품 간신히 찾아내 사용하고 있었는데 그 제품도 다시 재구매 하려고 보니 밝은톤만 판매를 하고있네요,예전에 사용할때도 만족했던 제품 쿠션으로 몇년동안 바꿔 사용하며 잊고 있었는데 쿠션은 정착할것을 찾지못하고대부분 번들거림,,,,,
N,P07,S01,81416937104,0,저렴하게,만족,좋습니다,엄마가,재구매,3.82,3.78,3.2,2.8,2.56
N,P07,S01,81416937104,1,항상 쓰는 제품이어서 이번에도 또 구매했어요,읻고 쓸수 있는 제품 저렴하게 구매했어요,좋은상품 빠르게 왔네요,소량으로도 커버가 가능한 CC크림이예요발림성좋고 밀착력 좋아요,끈적임이 없어 매우 좋아요,,,,,
N,P07,S01,10834411318,0,커버,자연스,좋습니다,촉촉하고,발림성이,4.55,2.76,2.64,2.61,2.42
N,P07,S01,10834411318,1,근데 진짜 아쉬운 점은 색이 조금 어두워서 두세가지 색이 있었으면 좋겠어요,좋아요,샘플 써보고 주문했어요,순하고 색도 피부색하고 이질감없이 잘 맞고용 21호 하고 23호 사이톤인데,요새 건조해서 부드럽게 발리는게 좋아서 구매했어요,,,,,
N,P07,S01,28160221523,0,비비,커버,셀본,자연스럽게,촉촉,6.96,5.86,5.78,5.55,3.51
N,P07,S01,28160221523,1,발림성도 좋아요,괜찮습니다,색감은 피부톤과 자연스러워 이것만 거의 십년정도 쓰고 있어요,다른 제품으로 몇번 갈아탔다가도 다시 돌아오게 되네요여름엔 에스티 더블웨어랑 섞어쓰고 겨울엔 셀본비비하나만 발라요피부표현이 예쁘게 되어서 다른 쿠션들 샀다가 끝까지 못쓰고 다시 돌아옵니다,매번쓰고있습니다,,,,,
N,P07,S01,8861244331,0,커버력,발림성,촉촉,비비,좋습니다,6.4,5.28,4.81,4.43,3.92
N,P07,S01,8861244331,1,와이프가 쓰는건데 좋다고 합니다,발랐을때 자극도 없었던것 같아서 잘쓰고있습니다,마스크에 안묻는다는 후기보고 기대하며 구매했는데제가 사용해본 결과 마스크에 잘묻고 시간이 지나면 뜨고 밀착력이 없고 지속력이 오래가지 못해요,잔 펴지고 뭉치지 않아요,가격대비 만족,,,,,
N,P07,S01,12562493972,0,비비,만족,저렴하게,가격,커버력,5.81,4.85,4.84,4.17,4.03
N,P07,S01,12562493972,1,쓰던제품을 저렴하게 구입하였습니다,많이 건조해요,쓰던제품입니다,좋아요,진짜 여신광채가족들 다 호수만 다르고 동일제품 씁니다,,,,,
N,P08,S13,21158787917,0,향이,뿌리,향도,만족,잠이,23.29,7.01,6.1,5.62,5.45
N,P08,S13,21158787917,1,쇼핑백 같이 잘 챙겨주셔서 감사해요,원래 쓰던 제품이에요,불면증 있으신 분 강추에요향 좋고 안정되는 향이에요,만족해요,잠을 푹 못자는 친구를 위해서 선물했어요향이 강하진 않지만 오히려 은은해서 더 좋다고 하네요,,,,,
N,P09,S17,27778415522,0,편하고,가히,좋습니다,수시로,부드럽게,4.4,3.52,3.2,2.59,2.59
N,P09,S17,27778415522,1,촉촉하고 편하네요,사고싶어서 망설였는데 요아쿠아는 썬크림 기능이 있어서 바로 구매했습니다,굉장히 부드럽게 잘 발리고 뾰루지 나는 건 없네요,발림이좋고요골프치러가려고 구매했어요,좋습니다,,,,,
N,P07,S01,21894922092,0,비비,미샤,커버,발림성,만족,8.18,4.96,4.39,4.29,3.68
N,P07,S01,21894922092,1,편하게 쓰기좋아요,미샤 비비 특유의 잿빛이 많이 없어졌대서 구매해봤어요,BB크림 주문했는데 비빔면이 와서 깜짝 놀랐어요,배송 빨라서 좋았어요,싸게 잘 샀어요,,,,,
N,P07,S01,26731766527,0,인셀덤,비비,커버력은,촉촉,저렴하게,9.34,8.25,7.91,6.01,5.85
N,P07,S01,26731766527,1,오 비비 물건이네요,트러블폭탄 1번쓰고 바로 반품신청했더니 안된다,사용하던제품 저렴하게 구매했네요,좋아요,일반 비비에 비해 좀 더 자연스럽게 보여요,,,,,
N,P11,S38,20950326494,0,클렌징,순하고,저렴하게,오일,좋습니다,10.86,10.48,9.88,8.79,5.8
N,P11,S38,20950326494,1,평소 사용중인 클렌징오일이고 가격이 너무 저렴해서 구매했는데 펌핑용기가 불량이라 펌핑할 때마다 용기주변으로 오일이 마구 흘러내립니다,물로 중화시키고 행궜을때 오일리함이 남아있지만 막상 건조한 느낌이 좀 있어요,롤링감세정력 모두 만족스럽네요,배송도 빠르고 포장도 잘 되어 도착했습니다,오랫동안 써오고 있는데 이만한게 없는거 같아요,,,,,
N,P02,S25,11234530489,0,향도,저렴하게,향이,만족,아빠가,8.7,7.16,5.79,5.6,5.34
N,P02,S25,11234530489,1,향이 너무 강하지 않아서 괜찮아요,항상사용하는 제품입니다,상품은 저렴하게 잘 산거 같아요,배송빨라요,아주 잘쓰고 있어요,,,,,
N,P07,S14,13829753512,0,모공,바닐라코,저렴하게,좋습니다,만족,9.48,8.46,5.51,5.21,5.17
N,P07,S14,13829753512,1,모공이 넓어서 고민인데 잘 정리가 되는것 같아요,모공 채워주는 거 보고 감탄했습니다,할인된 가격에 산건데도 사은품도 많이 챙겨주시고 너무 좋았습니다,늘쓰던제품입니다,프라이머는 바닐라코가 최고인것같아요,,,,,
N,P06,S08,28655964555,0,속눈썹,에뛰드,브라운,컬픽스,깔끔하게,10.73,9.7,6.01,5.74,5.31
N,P06,S08,28655964555,1,패키지 컬러가 너무 예쁘네요,앰플이 같이 와서 좋습니다,두개 다 사고싶었는데 마침 하나증정 이벤트라 득템했습니다,구성이 좋아서 구매합니다,유명템 빨뚜에 섬유질 거의 없고 컬링유지력 더 부드러운 발림성 자연스러움만 남은 느낌이라고 보시면 돼요,,,,,
N,P10,S44,82839072147,0,있어요,배송도,섞어,구매했어요,호호바,3.84,2.56,2.52,2.5,2.25
N,P10,S44,82839072147,1,요즘 날씨에 로션과 호호바 오일을 섞어 바르면 건조하지 않고 번들거리지도 않습니다,잠자기 전 아이들 다리 마사지도 해주고 헤어 에센스 대신 사용하고 있어요,입구가 작아서 많이 흘러내리지않아서 좋네요 저렴하게 사서 좋아요,피부가 매우 건조해서 고보습바디로션 발라도 꼭 호호바오일 섞어서 발라줍니다,재구매했어요,,,,,
N,P04,S43,9004015026,0,피지,자극,코팩,효과,저렴하게,11.25,9.98,9.21,7.37,6.2
N,P04,S43,9004015026,1,좋은듯파우치도좋음,좋은제품 저렴하게 구입했습니다,차앤박은 수년째 여러제품 써와서 믿고 구매합니다,코팩사용하고 거뭇거뭇한거 많이사라져서 좋아요,몇 년 전에 썼을 때는 이렇게까지 만족스럽지 못 해서 이것저것 다 써봤는데 이번에 다시 써보니 피지도 잘 불려지고 좋습니다,,,,,
N,P07,S41,27104974525,0,들어요,커버,좋습니다,발림성,팩트,29.74,15.69,14.15,11.63,11.59
N,P07,S41,27104974525,1,색상조금진한것같아요,가격대 있는게 좋나봐요,잘 받았습니다,다른것 개봉안한 제품 가지고있으나 이것미 쓰게 되네요,예전에 사용했던건데 괜찮아서 이번에 재주문했어요,,,,,
N,P07,S01,13648654827,0,촉촉하고,사용하는,커버력,cc,배송도,2.17,2.17,1.63,1.51,1.5
N,P07,S01,13648654827,1,정말 넘 좋아요,젛아요좋아요,좋아요,SK2 CC크림 처음 써보는데 제품의 이름처럼 바르면 고급스런 광채가 얼굴에서 이쁨뿜뿜하는 빛이나네요저는 쌩얼메이크업 좋아하는 편이라서 자연스럽게 하얘지고 이쁘게 광나는 이제품 너무 맘에 들어요,다른제품쓰다 이번에 처음사용해보는데 느낌이좋아요,,,,,
N,P05,S04,82430972756,0,색이,색도,색상,예뻐요,입술,4.66,4.44,4.16,3.7,3.45
N,P05,S04,82430972756,1,지속력은 솔직히 좋지않아요,좋아요,지속력은 짧지만 은은하니 이뻐서 자주 애용하며 바르고 있습니다,겨울이되면 필수죠입술이 건조하고 잘터서 고민이였는데 발색도이쁘고 촉촉하게 유지시켜줘서 좋아요,바르고 조금 있으면 반짝반짝 글로시해요,,,,,
N,P06,S27,5610925019,0,슈에무라,저렴하게,만족,샤프닝,눈썹,8.57,5.22,4.9,4.73,4.47
N,P06,S27,5610925019,1,잘 그려지고 오래 유지되고색깔도 만족스럽습니다,가격이 쎄서 여러번 고민하다가 구매했는데 기대한데로 좋아요,친구 생일선물로 구입했는데 빨리와서좋네요,늘쓰던거라서 좋아요,색상이 자연스러워서 눈썹이 세련되고 예쁨,,,,,
N,P07,S01,13057920955,0,엄마가,애터미,비비,만족,좋습니다,5.23,4.68,4.59,3.51,3.06
N,P07,S01,13057920955,1,만족합니다,추천해요,커버력 지속력 밀착력 다 짱좋아요,전부터던건데 색어두운거빼곤 좋아요,키버력도 좋고오래 지속되요,,,,,
N,P07,S01,82014032113,0,커버력,비비,미샤,좋습니다,저렴,3.7,3.47,3.42,3.14,2.84
N,P07,S01,82014032113,1,항상 쓰던 제품이에요,항상쓰는제품입니다,미샤 남자용 쓰다가 커버력이 좀 낮은거 같아후기보고 주문하게됐어요,발림성이좋아요,좋아요,,,,,
N,P09,S18,14137176348,0,뿌리,스프레이,좋습니다,편해요,분사,4.63,3.99,3.32,3.25,3.18
N,P09,S18,14137176348,1,엄마 골프용으로 사드렸는데 쿨링 진정까지 된다구 좋아하세요,남자친구 살 타서 선물해줬는데 좋다고 매일 바르고 있어요,자외선차단 필수이고흐프레이 타입이라 손에 묻지않아 좋네요,간편하게 들고 다니면서 뿌리려고 샀어요 여기저기 뿌려도 투명해서 티 안나고 간편하고 향도 좋네요 50SPF 라서 좋은것 같아요 번들거리거나 끈적거리지 않는것 같아요,끈적임,,,,,
N,P07,S01,12540604482,0,커버,바닐라코,만족,좋습니다,있어요,9.11,4.9,4.13,3.81,3.45
N,P07,S01,12540604482,1,남자친구가 계속 사용하는건데 다 써서 주문했어요,일반 씨씨보다 커버력있고 비비보다는 가벼워서 아주 잘 쓰고 있습니다,딸하고 갇이 쓰고 있어요,처음써보는데 만족합니다,잘쓸게요,,,,,
N,P07,S01,13827547577,0,촉촉하고,저렴하게,EX,만족합니다,좋습니다,4.88,3.92,3.8,3.23,2.89
N,P07,S01,13827547577,1,선물용으로도 샀는데포장도 예쁘게 해주시고 저렴하게 잘 실것같아요,그리고 본품1개와 리필용2개로 용량15g들어있는게 총3개 금액 대비 완전 혜자스러워요 방판이나 따로 구매하게되시면 여기랑 가격차이가 좀 많이 나는듯감사합니다,가격싸고 좋아요,커버력이 썩 좋은건 아니지만 자연스러운 피부표현에 좋아요,늘쓰던건데 저렴하게 샀습니다,,,,,
N,P07,S01,14239004785,0,커버력,비비,만족,좋습니다,발림성,10.4,9.17,5.39,4.85,4.75
N,P07,S01,14239004785,1,평소 피부가 민감한데도 불구하고 전혀 뜨거나 올라오는 것 없이 밀착력도 좋고 지속력도 오래 가서 이 제품만 몇통째 쓰고있어요,촉촉합니다,발색도 너무 좋고 자극도 없는너무 좋아요,초보양이랑 비슷한데 초보양 보다도 단독으로쓰긴 좋아요,병원에서만 구매가능한줄 알았는데인터넷 구매 가능해서 좋았습니다,,,,,
N,P07,S01,13165246468,0,비비,배송도,커버,써보고,있어요,4.97,4.27,4.04,3.91,2.75
N,P07,S01,13165246468,1,비비 유목민이었는데 히스토랩 비비덕에 비비 정착했어요,배송빨랐어요,4년전 처음 피부과에서 샘플써보고 사서 쓰다 인터넷 가격도 저렴해져서 여기서 구매했어요,저는 진짜 비비를 히스토랩 밖에 안씁니다,박스는 없었지만 저는 별로 예민한 편이 아니어서 튜브 입구엔 씰이 붙어있어요,,,,,
N,P07,S01,9349853480,0,만족,커버력,비비,있어요,좋습니다,3.85,3.53,2.97,2.74,2.73
N,P07,S01,9349853480,1,착한가격에 쟁겨두기,피부과에서 발라주셨는데 너무 만족해서 여쭤보고 주문했어요,이것저것 많이 써봤는데 저한테는 젤 잘 맞는것같아요,매일 잘쓰고있는 상품입니다,지금까지 써본 비비 중에 최고입니다,,,,,
N,P05,S05,22933015458,0,색도,만족,부드럽게,색상,입술,2.35,2.28,2.03,1.92,1.7
N,P05,S05,22933015458,1,색상은 원하던건데 꼭누르고 써야만 좀나네요살짝만 터치해도 잘그려지는걸 원했는데 그래도 잘써볼께요,늘 쓰던제품 오프라인에 품절이라 구매합니다,프렌치브라운과 베이지가든 두개구입중 브라운 먼저 쓰고있는데 브라운도 생각보다는 진하지않아요,감사히잘받았어요,발림성이 아주 부드럽진 않아도 무리없이 잘 그려져욪,,,,,
N,P08,S13,14886751850,0,발이,효과,바르고,각질,저렴하게,19.84,11.68,10.37,8.82,6.9
N,P08,S13,14886751850,1,오눅님 인스타 보고 구매한 사람 나야나 알고보니 유명한 제품이더라구요,발 각질제거후 크림 발라주면 좋다해서 구매했어요,발이 부들부들해졌어요,각질제거 잘되고 저렴하게 사서 더욱 좋아요,그러나 단점은 바르고 맨발로는 절대 못다닌다는 점,,,,,
N,P11,S37,82194395299,0,눈이,재구매,있어요,눈에,다래끼,17.84,16.03,8.34,7.6,6.43
N,P11,S37,82194395299,1,재구매만족합니다,엄마가결막염자주생기셔가지고 알아보던중에 이게좋다해서구매했고 운전할때 나책볼때 눈에기름껴서뿌옇고 그러면서건조하고했었는데 아침저녁으로두번눈청소한결과 정말좋아졌어요 엄마도빨갛던눈이깨끗해졌고 건조함도덜하신다네요,배송 빨랐어요,잘 닦이고 좋습니다,안과보다 저렴합니다,,,,,
N,P06,S27,20362783694,0,저렴하게,이니스프리,색상,가성비,눈썹,9.45,5.66,5.46,5.29,4.97
N,P06,S27,20362783694,1,빠르게 받았습니당,몇년째 아이브로우 정착템,색감도 딱이예요,지속력좋습니다,항상 사용하던거라 주문했어요,,,,,
N,P08,S13,21428304224,0,세타필,보습,촉촉,좋습니다,저렴하게,11.42,6.97,4.65,4.61,4.54
N,P08,S13,21428304224,1,배송도 빠르고 가성비 좋은 제품이에요,이렇게 많은 사람들이 많이 좋아해 주셔서 진심으로 감사드립니다,보습력 좋고 발림도 좋게 로션보단 크림 좋아요,번들거리지 않고 금방 흡수되서 매우 만족합니다,아이들도 바르고 온가족이 다 바를수 있어 더욱 좋네요 세일해서 가격도 저렴하고피부에 발림도 좋아요,,,,,
N,P09,S22,11415677047,0,좋습니다,백탁,만족,발림성,순하고,8.93,7.04,6.43,5.86,5.49
N,P09,S22,11415677047,1,재구매의사있어요,제 최애입니다,주변에서 많이 사길래 사봤어요,그런데 이번건은 예전 제품보다는 유분기가 있는듯해요,아직 본격 사용 전 오프 매장에서 발라보고 나쁘지 않아 사봤습니다,,,,,
N,P09,S22,27212153522,0,톤업,좋습니다,있어요,저렴하게,만족,7.23,7.13,6.09,5.43,5.37
N,P09,S22,27212153522,1,약간의 톤업효과에 끈적이지 않아서 좋아요,첨이라 그런지 트러블이 약간씩 생겨요,싸게 잘샀어요,용량도좋고 촉촉하고 여름 겨울 할거없이너무잘사용할거같아요,저는 지성이라서 마무리감이 매트해서 샀는데 건성인 동료도 쓴다고 하더라구요,,,,,
N,P07,S01,13452114802,0,촉촉,커버,비비,좋습니다,발림,5.02,4.82,4.77,4.21,3.64
N,P07,S01,13452114802,1,가볍고산뜻하게피부톤도좋아보여요촉촉해요,촉촉하고 화사해요,피부가 건조해서 영양크림까지 다 바르는데 약간 건조함을 느껴요,좋아요,파데는 답답해서 못 쓰고 비비만 여러종류 써봤는데 지속력 오래가고 다크닝없어서 계속 쓰는 중이예요 밀착력도좋구요,,,,,
N,P05,S05,5675625489,0,부드럽게,가성비,저렴하게,입술,색상,3.86,3.5,3.12,2.83,2.76
N,P05,S05,5675625489,1,색깔도 찾던 색이라 만족합니다,핑크베이지 배송 빨라요,잘사용하고 있어요,만족합니다,저렴한 맛에 괜찮아요,,,,,
N,P07,S45,20959239428,0,쉐딩,자연스,발색,쿨톤,색상,18.73,10.08,7.57,7.03,5.57
N,P07,S45,20959239428,1,확실히 똥손인데도 확 경계지거나 하는건 덜한것같음,그냥 그래요전에는 투쿨포스쿨제품썼었는데다른제품으로 바꿔보고 싶어서 구매해봤어요,배송완전빠르구요,배송 빨라서 좋았어요,잘 받았습니다,,,,,
N,P07,S01,13222066705,0,한스킨,커버력,비비,만족,발림성,6.01,5.08,5.06,3.04,2.88
N,P07,S01,13222066705,1,마스크쓰고다녀 파데가 조금 부담스러웠는데 이거 좋네요,한스킨 비비는 너무 유명해서 한 번 써보고 싶었는데 세일로 득템 성공했어요,잘받았습니다,잘쓸께요,발림성 커버력좋고 화사합니다,,,,,
N,P12,S16,29124648587,0,효과,염색,흰머리가,갈색으로,만족,7.79,5.28,3.63,3.53,2.56
N,P12,S16,29124648587,1,좋습니다,요즘 배송 물량 많을 거 같은데 주문하고 이틀 뒤에 받으셨다고 하시네요,샴푸로 염색이 가능하다해서 11일날 저렴하게 구입했어요,쭉 사용해볼게요,힘들게 샀어요,,,,,
N,P07,S01,8910285947,0,커버,비비,발림성,있어요,좋습니다,9.73,7.89,5.37,5.12,4.78
N,P07,S01,8910285947,1,추천받아서 구입했습니다,비비중에서는 제일 밝고 번들거림도 없어요,사은품도 다양하게 이것저것 챙겨주시고 감사해용,비비중 최고,향도좋고 잘쓰겠습니다,,,,,
N,P07,S45,27860613528,0,발색,예뻐요,광이,은은,만족,12.05,12.0,9.39,5.41,5.39
N,P07,S45,27860613528,1,유튜브에서 유명하길래 사봤어요,하이라이터 색도 피부에 바르니까 정말 딱 예쁘고 눈앞머리에 했는데 정말 예쁘네용,색감도 자연스럽고,은근 진해요,유투브로 보고 당장 사야지하고 끌어모아서 샀습니당와우 없는 콧대가 살아나요이마도 더 빛나고감사합니다,,,,,
N,P12,S32,29450065618,0,향도,효과,거품도,향이,만족,5.22,4.03,2.54,2.23,2.09
N,P12,S32,29450065618,1,운동하면서 체중을 십키로 넘게 빼고나니 갑자기 미친듯이 빠져서 맘고생하구 있는데 남자친구가 추천해줘서 구매했어요,향은 그다지 진하지 않아요 써보고 효과 좋아서 엄마 보내드렸어요,홍보글 보고 혹해서 구매해봐요 효과있었음,음 느낌일진 몰라도 머리카락이 자라는 느낌 같기도 한데 두피 각질이 많아지고 간지러운 느낌과 헤어라인쪽으로 피부염증도 생기고 해서 이걸 계속 써야하나 말아야 하나 고민이네요,머리도 덜빠지는듯,,,,,
N,P07,S01,82328189718,0,커버,발림성,마스크에,생각보다,재구매,6.39,4.96,4.66,3.89,3.18
N,P07,S01,82328189718,1,살짝 어둡긴한데 간단히 외출할때 써보려구요 발림성은 괜찮아요,어머니께서 사용하시던 제품입니다,재구매했습니다,커버 어느정도되구요,마스크에 조금 덜 묻어나오면 좋겠네요,,,,,
N,P12,S40,22177336485,0,재구매,머릿결,저렴하게,좋습니다,있어요,6.24,5.97,5.74,4.65,4.55
N,P12,S40,22177336485,1,마음에들어요,좋습니다,만족 좋아요,항상써온제품입니다,우선 작은양으로도 머리 감을때 부드러워요 손가락빗으로도 잘 안빗어지는데 좋아요,,,,,
N,P07,S33,14573265244,0,커버,한스킨,저렴하게,만족,좋습니다,22.36,6.37,5.21,4.71,4.32
N,P07,S33,14573265244,1,모공 커버되고 밀착력 좋아요,양 조절 잘해야해요,상품과 배송도 만족합니다,두개섞어서 기초위에 스폰지로 사사삭 와우 세상에 모공커버도 안하고 발랐는데 헐 기미 모공 커버 너무 매끄러워요이제품만쓰고 그위에 광나는팩트살짝하니 아무도 모릅니다 저처럼 기미를 처음 접하신분들 꼭 해보세요,최애 컨실러입니다,,,,,
N,P10,S29,26271018522,0,아이크림,있어요,발림성,촉촉하고,가성비,3.74,2.45,2.17,2.1,1.98
N,P10,S29,26271018522,1,촉촉하니 발림성도 좋습니다,좋아요,항상 쓰고있는 상품입니다,저렴하게 잘샀네요,근데 용량을 잘못보고 주문했네요,,,,,
N,P07,S01,22849759426,0,발림성,커버,써보고,촉촉하고,좋습니다,2.74,2.65,2.12,2.01,1.6
N,P07,S01,22849759426,1,4통째 사용중입니다,연고바르는 느낌으로 뻑뻑한데 손으로 쓱쓱 문지르니 잘 발라지네요썬크림 바르 듯 그냥 손으로 발랐어요,소문듣고 구매했어요,10통이상 쓴 제품이에요,빠른배송감사합니다,,,,,
N,P10,S29,26238107522,0,주름,저렴하게,유세린,있어요,효과,8.14,7.48,6.96,6.59,5.55
N,P10,S29,26238107522,1,눈가에 주름이 많이 개선되길 바라면서 구매했는데효과가 있었음,아이크림 1위라고 해서 구매해보았어요,아침 저녁 바르기에 부담이 없었습니다,아주 나이트크림이랑 히알루론산 앰플이랑 이거랑 세트로 폭격해서 눈주름 다 잡아버릴 겁니다,성능도 좋고 가격도적당한것같은데 용량이 좀 아쉽네요,,,,,
N,P07,S01,14075813592,0,비비,감사합니다,저렴하게,만족합니다,마몽드,6.56,5.85,4.13,4.05,3.64
N,P07,S01,14075813592,1,발림성도 괜찮고 밀착력도 괜찮아요,흰피부인데도 생각보다 밝아요,늘 쓰던거라 중간에 다른 브랜드도 써 봤지만 저한테는 제일 톤이랑 잘 맞는것 같아요,좋은제품 저렴하게 구입했어요,좋아요,,,,,
N,P07,S01,22397726239,0,커버력,미샤,비비,좋습니다,발림성,4.68,4.44,4.38,3.83,3.32
N,P07,S01,22397726239,1,보라색 보다 이게 잘 맞아요,감사합니다,발림성 좋아요,좋아요,색도 맘에들고 회색빛이없어서 좋고 발림성도 부드럽고 좋아요,,,,,
N,P07,S01,21302845912,0,커버,발림성,좋습니다,있어요,촉촉,5.86,4.12,2.7,2.4,2.3
N,P07,S01,21302845912,1,엄마꺼랑 제꺼랑 해서 구매해봤어요,동국제약 믿음이 가요,엄마꺼랑 제꺼랑 컬러별로 구매해봤어요,기존 에 쓰던거 보다 더 투명해 지는듯해요,동국제약은 믿을만하니까요,,,,,
N,P07,S01,12139286236,0,커버,발림성,비비,만족,있어요,4.62,3.88,3.74,2.89,2.83
N,P07,S01,12139286236,1,엄청소량써도 두꺼운 느낌 파운데이션같아요,요즘 임신준비하면서 피부가 완전 뒤집혔었는데조금 진정된 느낌이에여,아직 쓰던게 조금남아서쓰기전인데 평이 좋아서 샀으니 좋을거라 생각되요 많이 파세요,상품 잘받았습니다,너무 좋아요,,,,,
N,P07,S01,80736146544,0,커버,비비,발림,재구매,만족합니다,3.75,2.91,2.58,2.27,2.19
N,P07,S01,80736146544,1,발림성은 좋은데 색상이 아쉽네요,재구매좋아요,고맙습니다,넘 부드럽게 발리는데 제 피부톤과는 맞지 않아요,살짝 건조한가 싶긴하지만 밀착력이 나쁘지않고피부보정이 목적이 아니라 피부를 재생시킨다는개념으로 잘 바르고 있어요,,,,,
N,P06,S08,15836763357,0,속눈썹,효과,눈에,양말,눈이,9.11,8.07,4.38,3.53,3.42
N,P06,S08,15836763357,1,속눈썹영양제 꾸준히바르면 풍성해질까요그런데 붓타입은 어떻게쓰는건지 잘모르겠어요,바르기는 편한데 다음날 눈이 많이 붓네요,눈썹을 연장해서 제눈썹이 거의 없는듯해서 궁새했어요,효과가 있으면 좋겠습니다,열심히 잘 바르고 있어요,,,,,
N,P07,S01,8895014293,0,비비,커버,자연스럽게,만족,발림성,4.21,4.03,2.54,2.48,2.46
N,P07,S01,8895014293,1,만족합니다,확실히 병원에 입고되는 제품들이 순하고 좋아요,일단 트러블 없어요,광이 나면서 피부에 뜨지도 않고 자연스럽게 밀착됩니다,아침에 비비크림 바르고 출근해서 퇴근 할 때까지 지워지지 않는 비비크림 5년째 쓰고 있어요,,,,,
N,P07,S01,19375425056,0,비비,커버,바르고,트러블,좋습니다,7.07,6.91,6.44,5.13,3.82
N,P07,S01,19375425056,1,이번에도 투플원으로 저렴히 구매했어요,피부가 보정되는것같아요,인생비비에영 얼굴에 트러블도 안나고 톤자체도 자연스럽게 밀착되어서 경계도 안지고마침딱다썻는데 행사해서 저렴하게 구매했어요,맘에들어요,진짜 이거 쓰고 트러블난다거나 그런적 한번도 없어요,,,,,
N,P05,S07,26882569530,0,색상,색이,지속력,예뻐요,틴트,9.29,9.01,8.11,6.88,5.8
N,P05,S07,26882569530,1,좋어요,심지어 이마트앱에서 더싸고 15000원 이상사면 10퍼 할인까지됨,색상을 살짝 핑크고를려했는데 화면상 색상관 쪼금 다르지만 괜찮아요,음라방할때 잘 안지워진다고 해서 샀는데마스크에 바로 묻고요지속력은 없어요,픽싱틴트가 발색이 좋아서 4호 가지고 있다가 이번에 6호로 구매해봤는데 너무 마음에 들어요,,,,,
N,P07,S14,21151644889,0,모공,작은,미니,좋습니다,오래,11.71,4.58,3.75,3.23,3.11
N,P07,S14,21151644889,1,귀여워요,전부터 쓰던 제품입니다,화장을 자주 하는 편도 아니고 유통기한도 있어서 작은 용량으로 구매해서 사용하는데 딱 좋아요,말모말모 최고의 모공프라이머 오짜피 쪼금씩 쓰니까 큰거사면 몇년이고 쓰는게 찝찝하고아깝고그렇더라구여,너무좋아요,,,,,
N,P07,S01,18171371779,0,커버,좋습니다,만족,있어요,발림성,5.48,4.14,4.12,3.61,3.2
N,P07,S01,18171371779,1,커버력은 마음에 들어요,아직 사용전인데 좋겠죠,싸고 후기가 좋아 구입,비비는 피부색이 안맞아서 안바르는데 이건 괜찮네요,홈쇼핑 유튜브에서 적극추천템이라사봤는데나쁘지 않아요,,,,,
N,P07,S01,82649009778,0,촉촉하고,커버,배송도,좋습니다,비비,4.02,1.68,1.67,1.56,1.55
N,P07,S01,82649009778,1,무조건 재구매,좋은 것 같아요,만족합니당,늘쓰던거에요,커버력 굳 촉촉하고 자연스러워요 얼굴도 핑쿠핑쿠해져요,,,,,
N,P07,S01,12173311983,0,비비,감사합니다,알렉스,만족합니다,커버력은,4.82,4.52,4.3,4.12,4.03
N,P07,S01,12173311983,1,발림성이 아주 좋구요,정말 맨얼굴에 발라도 촥 붙고 금새 내 혈색에 맞게 바뀌는게 너무 신기했어요,잘쓰겠습니다,좋아요,지금 피부가 장난 아니게 뒤집어져서 좋다는 거 다 수소문하고 있어요,,,,,
N,P10,S44,20812598411,0,오일,호호바,촉촉,섞어,건조,12.71,8.03,7.23,6.18,5.97
N,P10,S44,20812598411,1,좁쌀여드름이 심해서 사봤는데 효과는 아직 입니다,오일 섞어쓰니 각질 안뜨고 촉촉해요,예전에 썼던거 잠깐 다른오일쓰다가 다시 재구매합니다,촉촉히 잘스며들어요,항상 쓰는 제품입니다,,,,,
N,P10,S34,28603885554,0,톤업,자연스럽게,커버,만족합니다,발림성,4.79,4.39,3.24,2.74,2.68
N,P10,S34,28603885554,1,진짜 피부 표현도 그렇고 안 묻어나고 그냥 사랑해요,톤업이라 커버는 기대 안하고 광이 나는데 호불호 갈릴 수 있을거 같아요,샵링크 통해서 잘 구매햏어요톤 정리도 잘 되고 매끈해요,가볍게 화장하는분께 완전추천요 잘 발리고 밀리지않아요,나쁘지않네요,,,,,
N,P07,S01,12530446485,0,커버,비비,성분이,발림성,촉촉,6.97,6.92,5.95,4.94,4.67
N,P07,S01,12530446485,1,자외선 차단 기능이 안 된대서 그건 좀 아쉽지만 BB로 쓰기엔 좋아요,성분 좋고 화장이 안떠요 커버력은 부족한데 커버는 원래 컨실러로 하는거잖아요,확실히 맨날 쿠션팩트만 쓰다가 이거 쓰느까 좁쌀이 덜 올라오네요 진작에 버렸어야 했나봐요 쿠션 인생템 될 거 같아요,처음 짤 땐 색이 좀 어둡나 했는데 펴바르니까 환해지고 발림성도 좋다고 하셨어요,순하고좋은데 너무기른기가많아요,,,,,
N,P07,S01,11107769544,0,비비,생각보다,만족,알렉스,좋습니다,6.1,5.71,4.8,4.65,3.45
N,P07,S01,11107769544,1,완벽한 커버력은 아니지만 자연스런 피부톤을 유지해 주는 제품입니다,만족합니다,촉촉 발림성좋네요,계속 알렉스 비비만 사용하고 있어요,제품좋고 상품가격도 만족합니다,,,,,
N,P12,S03,29297530621,0,향이,향도,향은,머릿결이,향기,22.19,9.79,8.37,5.31,3.87
N,P12,S03,29297530621,1,안개분사에요 향은 제가 상상했던 향은 아니지만 괜찮아요,분사력도 좋고 엉킨 머리도 쓱쓱 잘내려가고 향도 좋네요,향이 아주 좋아요,백화점 샤 매장 가면 나는 냄새인데 고급스럽고 머리 젖어 있을때 뿌리고 드라이어 하면 정말 고급 살롱에서 관리 받고 난 머릿결이 됩니다,배송 진짜빨라요너무 좋아요향이 미쳤어요,,,,,
N,P07,S01,13038661039,0,커버,촉촉,코링코,재구매,물광,8.12,7.71,5.96,5.01,3.99
N,P07,S01,13038661039,1,커버가 잘되는지는 잘 모르겠지만 뜨지않고 괜찮아요,꾸준하게 쓰는 상품이라 재구매했어요,후기 보고 구입 했어요,살짝 아쉬운건 피부가 밝은 편이라 항상 제일 밝은 호수를 쓰는데 요건 피부가 환해보이는 느낌은 없고 그냥 딱 내 피부랑 거의 비슷한 느낌 한톤 더 밝은 호수도 있으면 좋겠음,커버력도 살짝 부족하고 핑크보다는 민트 제품이 더 좋더라구요,,,,,
N,P02,S25,18340535128,0,촉촉,수분,좋습니다,만족,오래,7.14,5.64,5.15,3.28,2.34
N,P02,S25,18340535128,1,겨울에 이거 없으면 안될것 같아요,촉촉하고 좋아요,만족합니다,빠른배송 감사합니다,잘받았습니다,,,,,
N,P08,S35,14327928128,0,향도,순하고,있어요,재구매,촉촉,13.85,8.53,7.15,6.65,6.37
N,P08,S35,14327928128,1,또구매했어요,좋아요,아직만족감은없음,이 샴푸로는오랫동안 감지 않는다고 해서 머리가 떡이지지도 않고매일 감는다고 해서 건조해지지고 않는다뭐라 설명이 안됨간지럽지도 않음그래서 돈 없는데 비싸도 늘 구매함,큰아이가 너무 건조하고 아토피가 살짝 있어서 안 본게 없을 정도인데이걸로 정착 하려구요 거품도 잘 나지만 샤워 하고 나면 촉촉해서 좋아요,,,,,
N,P06,S27,29299134621,0,눈썹,펜슬,얇아서,그리기,마이,7.91,6.71,5.73,5.34,4.69
N,P06,S27,29299134621,1,배송도 빠르고 제품력도 좋습니다,약간 더 어두운컬러도 추가 구매하려고요,부드럽게 잘 발리고 얇아서 너무 마음에 들어요,펜슬이 다른 펜슬 브로우보다 가늘어서 눈썹 모양을 잡는데 편리해요,얇아서인지 촘촘히 그릴 수 있도 눈썹 끝 표현도 무척 자연스럽게 마무리할 수 있어요,,,,,
N,P07,S01,12804585983,0,비비,커버,이지함,발림성,있어요,6.8,5.29,5.0,3.43,3.19
N,P07,S01,12804585983,1,늘쓰는제품이에요,다만 제가 밝은21호톤인데 잿빛이 돌고 파데처럼 색상이 이쁘진않아요,비비크림 샘플받아서써보고 너무좋아서 본품구매했어요,제발 단종되지 말고기존 상품과 다르게 리뉴얼 하지 말고오래도록 만들어 주세요,괜찮아요,,,,,
N,P07,S01,11038078138,0,감사합니다,저렴하게,만족합니다,좋습니다,커버,4.12,2.44,2.44,1.67,1.66
N,P07,S01,11038078138,1,좋아요,커버력이 좋네요,갠춘한거 같아요,늘 쓰는 제품 입니다,비비크림 처음 사용했을때 에뛰드 썼어요,,,,,
N,P07,S01,19766371050,0,저렴하게,만족,랑콤,좋습니다,발림성,5.83,4.79,4.58,4.38,3.26
N,P07,S01,19766371050,1,좋습니다,좀더 저렴하게 샀네요,쓰던 제품입니다,모친이 사용해보고 마음에 든다고 모친이랑 와이프랑 각각 하나씩 구매했는데 반응들이좋네요,상품잘받았습니다,,,,,
N,P07,S01,8461144790,0,만족합니다,좋습니다,가격,커버,저렴하게,5.21,3.31,3.26,3.15,3.03
N,P07,S01,8461144790,1,순하고 부드럽게 잘발림 얼굴톤이 아주환해지지는않음,생각보다 작지만 빨랑 쓰고 또 구매해야겠습니다,제품이 정품이 맞는지 의심스럽네요,발림성은 좋은데 조금 건조해지는 느낌이들고요커버력은 그냥 그런듯하네요,역시 AHC 믿음을 저버리지 않네요,,,,,
N,P07,S01,11053483505,0,섞어,파데랑,발림성,구매했어요,단독으로,5.55,2.4,2.23,2.11,2.03
N,P07,S01,11053483505,1,덕분에 매트한 파데도 잘 섞어서 바르니까 좋네요,평소에 재생비비만 쓰는데 그거보다는 색이 조금은 환하고 일단 가볍게 잘 펴발라져서 좋네요,회색끼도 살짝있고요 하지만 바르고 좀 지나면 자연스러워져요,21호가 쓰기엔 색상이 어둡긴한데파운데이션이랑 섞어서 쓰면 지속력 좋은거같아요,아직 샘플만 써봤는데 좋아요,,,,,
N,P07,S01,22848335426,0,커버력,감사합니다,지속력,실버라벨,비비,3.92,2.57,2.09,2.06,2.03
N,P07,S01,22848335426,1,빠른배송 감사합니다,커버력 가성비 이것보다 좋은것 있음,지속력 오래가고 들뜨지 않아요,만족합니다,늘 쓰던 제품입니다,,,,,
N,P07,S01,22436153468,0,감사합니다,좋습니다,발림성,사용하,바르고,4.01,2.2,1.67,1.56,1.34
N,P07,S01,22436153468,1,늘 사용합니다,오래전부터 샵을통해서 사용하던 제품입다좋아요,피부샵에서 5만원주고 샀던거같은데이렇게 저렴하게 구매할수있어 만족합니다,빠른배송 감사합니다,내피부같이 뽀야코 사랑스럽게 표현되고피부트러블 있는사람에게 적극권장해요,,,,,
N,P08,S13,28417039554,0,세타필,저렴하게,좋습니다,촉촉하고,만족,10.52,8.09,6.8,6.21,5.63
N,P08,S13,28417039554,1,잘 받았습니다,좋구요,좋습니다,유통기간 넉넉하군요겨울 보습대비 장만했습니다,원래 구매하던 제품인데 싸게 구입 해서 너무 좋았어요,,,,,
N,P07,S01,83353015046,0,멀티밤,발림성,부드럽고,촉촉하,은은,2.08,1.21,1.12,0.95,0.66
N,P07,S01,83353015046,1,비비까지 된다고해서 샀는데비비느낌도없고발림성도 끈적임도 그저그런거같아요,목주름신경쓰려고 샀는데 효과보고있어요,발림성도 괜찮아요,알콜스왑 한두개 주시는건줄 알았는데상자가 왔네요,멀티밤 너무 끈적이지도 않고 잘사용하고있어요,,,,,
N,P07,S01,82494159058,1,괜찮아요   발림성도 좋고,부드럽게 잘 발려요,좋은상품 빠른배송 감사드립니다,배송도 빠르고 케이스도이쁘고옛날에 쓰던게 없어져서 이거로 사뫘어요 ,발림성과 밀착력이 아주 좋아요커버력도 좋고,,,,,
N,P07,S15,18033946247,0,발색,색이,예뻐요,색상,가격에,6.9,6.69,5.93,4.54,3.71
N,P07,S15,18033946247,1,무난하게 사용하기 좋아요,젤리 타입이라 스펀지로 발라주고 있어요,사진은 살짝 보라끼가 있아보이고 이름도 포도인데 받아보니 코랄빛형광빛 살짝 도는 핑크네요,솔직히 연할줄알고 많이 덧발라야하나 싶었는데 한두번으로 딱 원하는대로 발색돼서 좋았어요,상품 잘 왔습니다,,,,,
N,P07,S01,82961834343,0,섞어서,감사합니다,배송도,커버,발림성,2.94,2.2,1.96,1.85,1.7
N,P07,S01,82961834343,1,커버력이좋아서 어머님이 엄청애용해서 쓰시는제품이에요,발림성이 상당히 부드러워요그리고 커버력도 괜찮구요,최고예요,제피부톤에 잘맞아요,커버뎍이 좋아요,,,,,
N,P07,S01,15402508728,0,저렴하게,만족합니다,감사합니다,미샤,비비,4.79,4.37,4.16,3.08,3.03
N,P07,S01,15402508728,1,10년째 쓰는 비비입니다,배송 빨라요 그리고 유통기한도 2024년까지로 넉넉한 제품으로 보내주셨어요,몇년동안 꾸준히 쓰고 있는 제품입니다,색상이 환해서 좋아요,예전에 썼던게 기억나서 반가운맘에 샀네요,,,,,
N,P07,S01,82894890779,0,비비,커버력,가성비,저렴하게,발림,1.76,1.53,1.13,1.05,0.88
N,P07,S01,82894890779,1,항상 쓰던거에요,거의 10년 가까이 사용하고 있는 제품입니다,대용량은 너무 오래써서작은 걸루 사봤어요,늘쓰던제품입니다,늘 쓰던건데 싸게 구매해서 좋아요,,,,,
N,P07,S01,10023542539,0,만족,촉촉하고,감사합니다,비비,커버력은,5.31,5.2,3.29,3.17,2.61
N,P07,S01,10023542539,1,비비는 원래쓰던거 팩트는잘몰겟움,굿 제피부가 건조한편이라 꾸준히사용중인제품이에요,촉촉함은 말할것도 없구 물광표현이 자연스럽게 잘 되서 애정하는 제품입니다,비비보다는 피부톤을 균일하게 매끄럽게 표현해주는 크림같아요,다른 제품 쓰면 코에 각질 올라오는데 안올라와서 좋아서 샀어요,,,,,
N,P07,S01,24475778531,0,한스킨,비비,빨라요,커버,들어요,5.43,4.34,3.84,3.13,3.05
N,P07,S01,24475778531,1,샘플 써보고 좋아서 주문했어요,샘플써보고 좋아서 구입했어요,커버력도 좋고 발림성도 좋습니다,역시 한스킨이 원조 BB크림 회사 답네요,무난하게 사용할수있어서 좋네요,,,,,
N,P07,S42,23057725490,0,저렴하게,커버,아이오페,만족,가격도,2.88,2.43,2.4,2.05,1.5
N,P07,S42,23057725490,1,추천해요,아이오페 제품 만족합니다,만족합니다,엄마가 뽀송한 걸 찾으셔서 사드렸는데가격대비 만족해요,팔자주름이 신경쓰여서 계속 사용중입니다,,,,,
N,P07,S01,82234714055,0,엄마가,구매했어요,비비,발림성이,저렴하게,2.83,1.62,1.46,1.39,1.3
N,P07,S01,82234714055,1,강춥니다,밀착력얇게 잘펴발리고 지성피부에 끈적임도없어요건성피부에는 산뜻하게 발립니다,괜찮다고 하시네요,너무저렴하게잘샀어요,비비의 특성이 그런건지 피부색보다 어둡게 표현됩니다,,,,,
N,P07,S01,26698147523,0,성분,만족합니다,바르면,좋습니다,커버,5.36,2.56,1.86,1.77,1.57
N,P07,S01,26698147523,1,재구매 의사 있습니다,좋아요,발림성은 뻑뻑한편이라 수분크림이랑 섞어바름,통 디자인은 바뀌었는데 제품은 동일한거 같네요,색상 지긋하고 좋습니다,,,,,
N,P12,S03,28789857554,0,향이,향수,향도,헤어,리브르,17.65,9.49,7.35,6.12,4.72
N,P12,S03,28789857554,1,오자마자 바로 뿌렸는데 넘 좋으네요,향수와 같이 사용하면 지속력도 좋고 맘에 들어요,친구선물했어요,샤넬헤어미스트사보고 향이 은은하게 좋아서 입생로랑것도 샀어요,선물했어요,,,,,
N,P07,S01,7441148520,0,엄마가,발림성,저렴하게,커버력,있어요,2.51,2.43,2.18,1.95,1.87
N,P07,S01,7441148520,1,유통기한도 23년 까지고 저렴하게 잘샀어요,커버력은 보통인것같아요 썬주름개선까지 된다니 좀더써봐야겠네요,무엇보다 톤과 발림성이 너무 좋아요,엄마가 쓰는 제품인데 저렴하게 잘 구입한거 같습니다,또 재구매할께요,,,,,
N,P07,S01,26100678522,0,비비,색이,부드럽고,촉촉,커버,2.6,2.02,1.93,1.57,1.55
N,P07,S01,26100678522,1,인생비비,비비 처음 사보는데 밀착도 잘 되고 예민한 피부인데도 뭐 나는 거 없이 순하네요,좋은지 써보고 결정 하려고 작은 싸이즈로 구매했는데 큰거 살 걸 그랬네요,잘받았습니다,파데 쓰다가 다시 돌아왔어요,,,,,
N,P09,S18,27790718522,0,가격도,뿌리,간편하게,감사합니다,여름에,2.1,1.73,1.69,1.63,1.54
N,P09,S18,27790718522,1,냄새가 좀 진한데 남편이 괜찮다고 잘 쓰고있어요,빠른배송 만족합니다,편하게 썼어요,쿨감도 좋고 편하게 뿌릴 수 있어 좋아요,아직 미사용이라 좋고 나쁨은 모르겠음근데 다른데처럼 이것저것 주문했는데 사은품같은건 개미한톨도 안오니까 기대금지,,,,,
N,P08,S47,83101754286,0,향이,향수,매화,향도,난이,29.68,18.23,9.93,9.58,8.41
N,P08,S47,83101754286,1,재구매나가기 전에 뿌리고 집 들어와도 계속 유지되는 게 좋아요,저한테는 중성적인 향처럼 느껴져서 오히려 더 매력있는 것 같아요,와 진짜 향수 뿌린 순간 한낮의 향기가 이거지,향도 만족하고 지속력도 오래가서 정말 좋아요,향이 너무 좋아요,,,,,
N,P07,S01,82250066492,0,있어요,감사합니다,저렴하게,바닐라코,자연스럽게,3.77,2.31,2.1,1.87,1.8
N,P07,S01,82250066492,1,저렴한 가격,좋아요,저렴하게 구매했네요,촉촉하게 발리고 만족합니다,몇년째구입하고사용하고요거넘좋아요,,,,,
N,P07,S01,23257851490,0,만족합니다,성분,감사합니다,좋습니다,커버,3.14,2.54,2.3,2.22,2.02
N,P07,S01,23257851490,1,청소년인 조카 사줬습니다,잘 받았습니다,만족합니다,두 번째 구매입니다 가성비가 좋고 사용하기 편해요,좋아요,,,,,
N,P07,S01,80056998631,0,좋아,,,,,1.33,,,,
N,P07,S01,80056998631,1,항샹쓰던거예요,속은 촉촉 겉은 보송한 느낌이에요,3일만에왔어요,예민한 피부이고 출근할때 간편하게 매일 사용하는 상품인데 별 트러블없이 잘쓰고있어요,성분도 좋고 발색도 좋아서 즐겨 사용합니다,,,,,
N,P07,S01,26409331522,0,앰플,자연스럽게,가볍게,비비,촉촉하고,4.16,3.56,2.92,2.81,2.66
N,P07,S01,26409331522,1,수분감이 많아서 정말 좋아요,재구매예요,난테는 1도안맞네요 촉촉할거란 기대와는 달리 피부에서 곱게 펴발라지는게없네요,캡슐이라 특이해서 사봤는데 제 피부랑 안 맞아서 다른거랑 섞어서 바르고 있어요,바른뒤 좀 기다려야 됨자극적이지는 않고 촉촉해요,,,,,
N,P07,S01,83106058955,0,커버력이,생각보다,발림성,있어요,큰용량으로,2.8,2.74,2.47,1.97,1.5
N,P07,S01,83106058955,1,괜찮으면 용량 큰걸로 재구매할꺼용,좋아지는거라고 하니까 그런가부다 하고 딱히 일부러 소량 구매했는데 잘한거 같아요,립밤크기 생각하시면 됩니다,괜찮은것같아요,리뷰가 좋아 샀는데가격대비 다른 제품과 큰 차이는 없는 듯 해요,,,,,
N,P05,S04,22906796429,0,괜찮아요,배송도,색이,감사합니다,색상,6.85,4.4,4.01,3.52,3.09
N,P05,S04,22906796429,1,발림성 좋고 립그로스같지만 발색은 나오는 타입단점은 잘 지워지죠건조입술에 좋아서 재구매각,건조하지도 뻑뻑하지도 않아요,좋아요,읺고 젛은데 색상을 잘못골랏아요,정말 빠른배송 아주 만족합니다,,,,,
N,P07,S01,82013451072,0,심한,건성,단종,촉촉,하지,1.81,1.19,1.19,1.07,1.04
N,P07,S01,82013451072,1,아직 사용전이긴 하지만 옐로우로즈 CC크림 써보고 싶어서 주문했는데 제피부에 잘 맞길 바래봅니다,댓글에 단종일수 있다는 내용 보고 이거 단종되냐고 바로 물어봤네요,배송빠르고 샘플도 많이챙겨주시고 포장도 완벽 그자체예요,지속성과 커버력이 좀 약하긴 하지만 번들거리지 않고 촉촉해서 좋아요,인생 씨씨크림인데 단종 소식에 주문했어요,,,,,
N,P07,S01,83481467983,0,자외선,차단,미백,,,2.6,1.33,0.99,,
N,P07,S01,83481467983,1,SPF50 PA 의 높은 자외선 차단효과가 좋고요 여기에 미백과 주름개선의 3중 효과를 한번에 느낄수가있네요,그냥 크림이 아니고 미백 주름개선 자외선 차단이 한번에 가능한 3중 멀티 씨씨크림이라서 선택했어요,주름개선과 미백 그리고 자외선 차단까지 되는 멀티 크림이기에 효율적으로 사용할 수 있을 것 같습니다,수분감이 많아 촉촉함이 유지되네요 펌프타입이라 바르기 편하고 위생적으로 사용할 수 있어 만족이예요 자외선 차단지수가 높아 썬크림 대신 요거 하나 바르고 다니고있어요,자외선 차단지수도 높아서 선크림 대용으로 바르고 있는데 촉촉해서 대 만족입니다,,,,,
N,P07,S01,9349844521,0,커버력은,르네셀,촉촉하고,비비,저렴하게,3.14,2.65,2.57,2.52,2.23
N,P07,S01,9349844521,1,예전에 한번 사용했는데 다시 재구매 합니다,좋아요,늘 쓰는 제품입니다,재구매했어요,잘쓰고있어요,,,,,
N,P07,S01,83366727705,0,커버,,,,,0.74,,,,
N,P07,S01,83366727705,1,다 좋은데 커버력은 별로 없어요,그냥 적당하게 좋아요,톤이 밝아졌다는 느낌은없고 그냥 부드러운 크림을 바른것같은느낌이에요,제가찾던 제형이라만족합니다,티비보다 홈쇼핑에서 우연히 알게 돼서 일단 한개씩만 구매해본건데 사용감 좋아요,,,,,
N,P07,S01,14256566885,0,커버,한율,발림성,만족,좋습니다,3.27,2.91,2.49,2.47,2.45
N,P07,S01,14256566885,1,커버력도 좋고 저자극입니다,아주만족합니다,한율비비는 제가 써본 비비중에 가장 좋아요,가격이 올라서 부담스러웠는데 여기서 저렴하게 판매해주셔서 좋아요,너무 잘 쓰고있어요,,,,,
N,P07,S14,29450817618,0,마스크에,만족,커버,여름에,파데,4.18,3.73,3.28,2.56,2.27
N,P07,S14,29450817618,1,사용하면서 기존에 사용하던것 보다는 확실히 덜 묻어나지만 좀 건조한 것 같아요,푸짐하게 잘 받았어요,완전 만족하지는 않는데 하나는 다 싸봐야겠다 생각하고 쓰곤 있습니다,그런데 피부톤과 거의 동일하게 거버가 되는것같고 많이 했는지 하지 않은 것 같은지몰을겠어요,여름에 사용하기 좋은 쿠션인 것 같아요,,,,,
N,P07,S01,11345453313,0,감사합니다,저렴하게,가볍게,좋습니다,자연스러운,2.29,2.26,2.15,1.71,1.59
N,P07,S01,11345453313,1,좋습니다,인생쿠션이에요,배송빨라요 매번 쓰는 제품이라 다량 구매했어요,n커버력도 이정도면 괜찮아요,만족해요,,,,,
N,P07,S01,24525980524,0,샤넬,바르고,자연스런,있어요,좋습니다,6.06,3.88,3.67,3.53,3.53
N,P07,S01,24525980524,1,제피부톤에 잘 맞아요들뜸도 없고 자연스럽게 커버도 되고 늘 쓰던 제품입니다,피부가 건조해서 요즘에는 갈라지지만 그래도 이보다 더 좋은 제품은 없는듯해요,미스트가 필수네요10은 너무 밝아서 20샀더니 색이 안맞네요 중간은 둘다사서 섞어야됩니다,끈적 거림 없고 샤넬제품 특유의 향기도 좋아요,촉촉하고환해보이고지루성피부염이라 아무거나 못 발랐는데상태가 좋아졌은지 상품이 좋은건지 괜찮아요,,,,,
N,P07,S01,7509969473,0,있어요,만족합니다,커버력,자연스럽,샤넬,1.73,1.71,1.58,0.95,0.89
N,P07,S01,7509969473,1,샤넬 씨씨크림 엄청 좋아하는데 마침 떨어질 것 같아서 주문했는데 배송이 엄청빨라요 지방인데도 24시간도 안되서 도착했네요,또구매햇어요,커버력은 많이 없어도 자연스럽게 피부가 맑아보여요,추천받아서 구매했어요,쓰다가가격이 사악해 좀 저렴이 찾았는데역시나다시 돌아왔어요,,,,,
N,P07,S01,83127070320,0,촉촉하고,트러블,23년,커버,안됨,2.62,1.87,1.4,1.04,1.04
N,P07,S01,83127070320,1,없이 밀착력은 좋으나 커버는 안됨,피부톤개선이나 커버력은 없는듯해요,번들거림은 좀 있으나 발림도 좋고 오래가고 그리고 덧바르기도 편해요,유통기한도 23년 12월이고 배송 매우 빠르네요,예전에 피부과 다닐 때 썼던건데 요즘 피부 요철이 심하고 예민해서 뭐 바르기만해도 트러블나요,,,,,
N,P07,S01,14077590839,0,좋습니다,바닐라코,가볍게,저렴하게,톤업,1.75,1.44,1.39,1.36,1.29
N,P07,S01,14077590839,1,깔끔하게 얼굴에 흡수되고 사용하기 좋아요,나쁘지않아요,평이 좋아서 구매했어요본제품 외에도 클랜징티슈랑 예쁜 쇼핑백이 같이 왔네요,항상쓰는거에요,그냥 마스크쓰고 좀 편하게 다니고 싶은데 어디 사람만날때 가끔이라도 쓰려고 샀어요,,,,,
N,P07,S33,11546161472,0,커버,좋아,루나,감사합니다,만족,3.45,2.44,1.48,1.1,0.67
N,P07,S33,11546161472,1,근데 사은품을 구매한 색깔로 보내줬으면 좋겠어요,빅사이즈라 좋아요,좋아요,빠른배송 감사합니당 유명해서 써보려고 처음으로 주문했어요,파운데이션 대신으로 사용하고있고 겨울철이라 건조해지고 피부가 떠보일수있어서 수분크림으로 수분잡아주고 컨실러네추럴베이지브라이트로 피부화장합니다다쓰면 또 사러올께용,,,,,
N,P07,S01,83251457586,0,감사합니다,저렴,촉촉,비비,재구매,1.71,1.28,1.15,0.55,0.55
N,P07,S01,83251457586,1,칵테일아쿠아비비 구매해야는데 잘못구매,너무나도 좋음,발림성도좋쿠잘흡수되구 자연스러운표현 모두넘좋습니다,잘받았습니다,화장하기 편해졌어요,,,,,
N,P07,S01,83299390831,0,생각보다,커버력,발림성,,,1.97,1.42,0.71,,
N,P07,S01,83299390831,1,이제껏 써본 타제품보다 좋아요,두번째 구매입니다,다시주문해요,생각보다 지속력이 약해요 마스크끼고 벗음,와이프가 샀어요,,,,,
N,P05,S05,8332632934,0,들어요,저렴,가격도,가성비,감사합니다,2.01,1.82,1.71,1.23,1.18
N,P05,S05,8332632934,1,마침 휴대할 핸드크림이 필요했는데 잘 쓰겠네요,그래도 리필 까지 샀으니 잘써야죠밝은 루즈를 바르는 편이라 괜찮아요,발림성좋고 색도 같아요,좋아요,일부러 후기에 밝은 핑크라고 하길래 샀는데 어두운 와인색 같아요,,,,,
N,P07,S01,28401379561,0,커버,발림성,마스크에,비비,촉촉하고,2.98,2.6,2.24,1.76,1.75
N,P07,S01,28401379561,1,영양크림처럼 부드럽게 발리는 비비에요 부드럽지만 마스크에 코 외에는 거의 묻지 않네요,괜찮은거같아요,머드팩 색상이라좀 놀랐으나 시간이 지나면서 얼굴톤 따라옵니다 괜찮아요,홈쇼핑에서 팔길래 1개짜리검색해서써보려고샀어요,건성 피부에 촉촉하고 발림성도 좋아요,,,,,
N,P07,S01,83353417133,0,부드럽게,오래,발림,주름,촉촉,2.14,1.77,1.41,1.17,0.96
N,P07,S01,83353417133,1,가격도 무난하고 쟈스밤은 처음써보는데 일단은 지켜봐야할거같아요,아직 하루밖에 안써봐서 정확하게 주름 개선효과는 모르겠고요가 제품 보다는 쬐금 더 매트한 느낌입니다,비슷한 스틱제품 사용하다가 콜라겐함량이 높아 사봤어요,주름이 커버 되는게 아니구얼굴에 10년묶은 찐든한 기름을 발라 놓은것처럼 무겁구 답답하고 미벅효괴도 없구 역시 광고는 다 사기다얼굴에 바르면 찝찝하니 버려야겠음,좋은거 같아요,,,,,
N,P07,S01,23978682530,0,섞어,파데랑,배송도,매트,구매했어요,3.42,2.82,2.14,2.09,2.04
N,P07,S01,23978682530,1,매우 만족합니다,유튜버 추천으로 구입해봅니다,민감피부라 화장도 잘 못하고 다니는데 와 대박이에요,사용하고 트러블 나지않았고 다른 파데에 섞어쓰기도 좋아요,파운데이션이랑 같이 섞어서 바르면 좋다고 해서 구매해봤어요,,,,,
N,P07,S01,27923418525,0,촉촉하고,커버력은,발림성,생각보다,가볍게,3.14,2.47,1.65,1.61,1.08
N,P07,S01,27923418525,1,마스크 쓰고 다니면서 화장을 가볍게 하는데요,톤업크림 먼저 주문하고 추가로 주문했는데 커버력이 뛰어나진않아도 생얼보단 바르는게 나아요,얇게발라져서 피부보정은 잘안되는데 가볍게 발라져서 좋네요,바른 직후에는 좀 하얀듯한데 시간이 조금 지나면 자연스럽고 윤기나는 매끄러운 피부 표현이 가능합니다,별도로 색조 화장은 하지 않고 앰플 비비만 바르고 다닐 정도로 상당히 좋은 제품이에요,,,,,
N,P07,S01,22780321803,0,만족합니다,감사합니다,촉촉하,커버력,발림성,1.74,1.51,1.18,1.03,0.71
N,P07,S01,22780321803,1,커버력이 살짝떨어지지만 부드럽네요,좋아요,감사합니다,빠른배송 감사합니다,발림성이 좋은데 반해 피부표현이 매트하게 마무리되네요,,,,,
N,P07,S01,7538999933,0,엄마가,미샤,저렴하게,커버,만족,3.31,2.95,2.83,2.0,1.68
N,P07,S01,7538999933,1,배송 하루만에 왔고요 엄마께서 써보시고 괜찮다고 하셔서 사드렸어요,이것만 사용하는데 매장보다 더 저렴하게 구매했어요,너무 잘 쓰고있어요,빠른배송 좋구요,좋아요,,,,,
N,P07,S01,29192620623,0,좋아,만족,,,,1.76,0.47,,,
N,P07,S01,29192620623,1,발림성이 좋아 지속력도 오래 갈것 같은데 제 피부가 변한건지 화장이 다 스며들어 없어지네요,엄마는 요것만 쓰시네요,비비크림과 같이 바르면 좋아요,샵에서 관리받을때 발랐던건데 너무 좋은 느낌이였어요,올가휴 피부샵을 다니고 나서 올가휴 제품에 관심이 생겼고 자극이 없어 좋아하구요,,,,,
N,P07,S01,23878895523,0,자연스럽게,만족,하나만,마스크에,있어요,2.73,1.82,1.56,1.5,1.02
N,P07,S01,23878895523,1,발림과 밀착이 좋은거같아요,커버력이 많거나 그렇진않은데 가볍게 사용하기좋습니다,피부에 딱 달라 붙는 느낌으로 다 쓰면 또 구매 해야겠네요,별로예요,가격대비 완전 별루에요추천 안합니다,,,,,
N,P07,S01,83354578869,0,바르고,자연스럽,발림성,커버,어두,1.48,1.19,0.84,0.67,0.54
N,P07,S01,83354578869,1,피부가 민감하고 너무 예민해서 뭐가 잘나는데일단 화장품이 좋아보여 써보고 솔직리뷰는 한달뒤에 자세히 써보겠습니다,바르고 자도 된다는 비비라 그래서 믿고 샀는데 실제로 바르고 자진 않았지만 3일동안 써본 결과 피부가 뒤집어졌어요 지루성피부염 모낭염이 있는 피부인데 커버는 나쁘지 않았습니다,양이 다들 적다고해서 얼마나작겠어했는데 진짜 작네요,사흘밖에 안써보긴 했는데 조금 발라서 그런지는 몰라도 뭐 올라오는 거 없이 괜찮아요,특히 생얼에 살짝 커버하고 싶은 부분만 발라주면 원래 피부톤이랑 큰 차이 없이 자연스럽습니다,,,,,
N,P07,S01,29603107619,0,대용으로,커버,만족,자연스럽게,쓰고있,2.28,1.25,1.13,1.12,0.82
N,P07,S01,29603107619,1,좀 느렸지만 그래도 괜찮아요,이거만 쓰고있어요,어디서도거의 3배가 넘는 가격에 사는것 같긴 하지만 그래도 엄마가 너무 좋아하세용,남성인데 썬크림 대용으로 미백용으로 잘 쓰고있습니다,밀착감 좋고 색상도 아주 맘에 들어 항상 쓰고있습니다,,,,,
N,P06,S28,83485940090,0,색이,데일리로,웜톤,팔레트,예뻐요,2.52,2.19,1.73,1.51,1.42
N,P06,S28,83485940090,1,발색력도 좋고 예쁩니당,애교살을 위한 컬러구성된 부분도 너무 유용해요,발색 잘돼요,펄도 없고 데일리로 쓰기 너무 좋은 맨날 한두개씩은 잘 안쓰는 색이 들어있었는데 요건 골고루 다 사용할 거 같아요,자연스럽게 애교살 만들어주고 아이라인 잘 풀어주고 맨날 아이라인 풀어주는 용도들이 붉어서 쓰기 힘들었는데 너무 만족해요,,,,,
N,P07,S01,80146497357,0,좋아,만족,,,,1.22,0.51,,,
N,P07,S01,80146497357,1,완전 웜톤인 울엄마가 바르면 더 굿촉촉하게 로션 바르듯 대충 발라도 되고피부가 편해서 좋아요,계속 재구매중입니다,좋아요,재구매어머니가 좋으시다,만족합니다,,,,,
N,P07,S01,82262950953,0,감사합니다,빠르,저렴,,,1.64,1.41,1.06,,
N,P07,S01,82262950953,1,감사합니다,제품에 유통기한이 없어서 그게 아쉽긴하나 싸게 잘 구입했습니다,직구라 오래 걸릴줄 알았는데 일주일도 안걸리네요,배송도 빠르네요,처음 구매해 봤어요,,,,,
N,P07,S01,83362453406,0,멀티밤,재구매,부드럽,촉촉하,건조,0.95,0.77,0.72,0.68,0.42
N,P07,S01,83362453406,1,빠르네요,가희보다 끈적임이나 번들거림이 적어서 만족합니다,써보고 좋으면 계속 재구매하려 합니다,바를때 부서짐이 조금 있네요,제품 개봉 스티커가 개봉된 후 다시붙인 흔적이 있어요,,,,,
N,P10,S44,13039502142,0,섞어,촉촉,바르고,사용하는,만족,2.72,1.79,1.65,1.3,1.23
N,P10,S44,13039502142,1,건조할때마다 얼굴 뿐만 아니라 손등 발목 주변도 발라주고 목 마사지 할때도 쓰고 있다는 근다 대신에 그 캡 부분 그리고 오일 나오는 부분 조금 세더라고요 그래도 상품 자체로는 만족,구매평이 좋아서 구매했는데 꾸준히써보겠슥니다,바디 페이스 전부 사용가능하고 만족합니다,항상 사용하는 제품입니다,에센스만들때 섞어서 사용하는데 정말좋아요,,,,,
N,P07,S01,82531773225,0,홍조,커버,만족,붉은,,1.64,1.27,1.17,1.03,
N,P07,S01,82531773225,1,파운데이션과 같이 사용해보니 밀착력이 좋고 자연스러워요,베이스로 쓰기에도 좋고 단독으로 써도 좋은 제품이에요,좋습니다,커버는 안되는거같지만 붉은기없애는데 최고화장 안하고 이것만발라도 뽀샤시해져요,재구매입니다,,,,,
N,P07,S01,82401314153,0,좋아,,,,,0.98,,,,
N,P07,S01,82401314153,1,감사합니다,후기보고 구입했어요,애정하는거예요,마스크 착용으로 이마 부분이나 볼쪽에 살짝 커버하는 용으로 써요,오래동안 사용하던 제품입니다,,,,,
N,P07,S01,82249824129,0,저렴하게,배송도,좋아,주문했,만족,1.74,1.73,1.15,0.83,0.59
N,P07,S01,82249824129,1,배송도 생각보다 빠르고 상품도 좋아요,전 늘 맍족하며 쓰건 제품이라 이렇게 살 수 있을때 쟁이고 싶네요,배송도 빨랏고 늘 쓰던거라 만족해요,잡아주고 이것만 발라도 얼굴이 화사해져요,지속력이 아주 좋다고는 할수 없지만 화사하게 만들어줘서 다른거 쓰기가 어렵네요,,,,,
N,P07,S01,10856462740,0,빠르,,,,,0.71,,,,
N,P07,S01,10856462740,1,늘 쓰고있어요,좋아요,어머니가 만족하시네요,빠른배송입니다,제품 잘받았습니다,,,,,
N,P05,S06,11218826916,1,친구 생일선물로 줬는데 너무 마음에 들어해서 좋아요 거기다 포장도 마음에드네요,촉촉하고 부드럽게 발려 좋아요,색이 좀 진했으면 해서 라즈베리 사봤어요 진하긴 한데 핑크나 코랄이 더 촉촉한거같아요 물론 라즈베리도 짱입니당,촉촉하니 아주좋아요,늘  쓰는거라  떨어지면 불안,,,,,
N,P07,S01,28759637555,0,is,good,fir,잘받았,se,2.64,2.05,1.07,0.82,0.76
N,P07,S01,28759637555,1,잘받았습니다,,,,,,,,,
N,P07,S01,83371011155,0,섞어,,,,,1.0,,,,
N,P07,S01,83371011155,1,좋어요,톤업이랑 섞어 바르나 비비만 바르나 둘다 같아요,바를때 퍽퍽함이 있어서 선크림이랑 섞어바르고있어요,광고와 상품평 보고 샀는데역시 좋으네요바르고 난 후 피부색에 딱 맞춰지고 마스크착용 후에도 지워짐이 덜해요,두가지 구매해서 섞어서 발랐어요,,,,,
